,GEOID,Total,Total Owned Units with a Mortgage,Total Owned Units with a Mortgage (Over 30 Percent,Total:!!Owned Units with a Mortgage!!Over 50 Percent,Total:!!Owned Units with a Mortgage!!Not Calculated,Total:!!Owned Units without a Mortgage,Total:!!Owned Units without a Mortgage!!Over 30 Percent,Total:!!Owned Units without a Mortgage!!Over 50 Percent,Total:!!Owned Units without a Mortgage!!Not Calculated,Total:!!Rented,Total:!!Rented!!Over 30 Percent,Total:!!Rented!!Over 50 Percent,Total:!!Rented!!Not Calculated
,,,,,,,,,,,,,,
ZCTA5 60002,60002,"9,227","5,122",977,402,24,"2,321",486,180,31,"1,784",827,441,102
ZCTA5 60004,60004,"20,228","9,638","2,024",897,27,"5,991","1,085",657,114,"4,599","1,636",668,238
ZCTA5 60005,60005,"12,598","4,834","1,377",457,16,"3,155",546,350,38,"4,609","1,592",870,319
ZCTA5 60007,60007,"12,920","5,915","1,283",566,47,"3,645",544,224,14,"3,360","1,660",736,323
ZCTA5 60008,60008,"8,710","4,120","1,255",368,8,"2,192",377,121,14,"2,398",858,497,72
ZCTA5 60010,60010,"16,631","9,691","2,939","1,146",95,"4,952",741,431,26,"1,988",810,475,119
ZCTA5 60012,60012,"4,025","2,643",596,240,34,"1,165",214,128,3,217,88,70,15
ZCTA5 60013,60013,"9,626","6,252","1,468",502,32,"2,261",289,116,18,"1,113",656,340,77
ZCTA5 60014,60014,"17,662","9,929","2,258",764,8,"4,299",562,283,28,"3,434","1,565",872,218
ZCTA5 60015,60015,"10,242","5,748","1,357",644,10,"2,945",629,361,13,"1,549",847,335,94
ZCTA5 60016,60016,"23,847","8,931","2,677","1,177",25,"7,400","1,241",569,76,"7,516","3,170","1,695",468
ZCTA5 60018,60018,"9,812","4,011","1,040",406,60,"3,065",471,150,37,"2,736",763,432,133
ZCTA5 60020,60020,"5,025","2,502",586,262,82,"1,117",160,64,104,"1,406",936,328,0
ZCTA5 60021,60021,"1,801","1,179",210,45,0,389,20,0,28,233,185,62,0
ZCTA5 60022,60022,"2,937","1,643",608,421,0,"1,049",345,236,0,245,84,69,5
ZCTA5 60025,60025,"15,989","7,758","2,156",871,48,"4,856","1,063",547,84,"3,375","1,719",815,419
ZCTA5 60026,60026,"5,519","2,215",621,248,0,"1,641",269,177,14,"1,663",918,730,190
ZCTA5 60029,60029,199,110,43,7,0,85,38,24,0,4,0,0,0
ZCTA5 60030,60030,"14,244","7,419","1,483",415,0,"4,365",575,372,43,"2,460",979,431,80
ZCTA5 60031,60031,"14,318","7,389","1,370",567,0,"3,555",492,219,66,"3,374","1,558",712,88
ZCTA5 60033,60033,"4,954","1,842",471,223,11,"1,741",198,71,21,"1,371",622,349,76
ZCTA5 60034,60034,739,350,71,15,0,192,14,6,6,197,54,20,6
ZCTA5 60035,60035,"11,765","6,727","2,090",852,50,"3,124",682,413,0,"1,914","1,016",329,167
ZCTA5 60040,60040,"1,937",538,84,44,0,411,36,10,26,988,445,237,85
ZCTA5 60041,60041,"3,533","1,802",398,74,0,904,134,17,36,827,342,236,159
ZCTA5 60042,60042,"3,107","1,735",517,121,0,805,90,12,0,567,307,144,11
ZCTA5 60043,60043,776,485,76,42,0,261,50,37,16,30,9,9,4
ZCTA5 60044,60044,"4,284","1,909",468,151,12,"1,044",146,50,0,"1,331",642,291,51
ZCTA5 60045,60045,"7,497","3,895","1,163",434,45,"2,789",365,235,5,813,374,211,105
ZCTA5 60046,60046,"12,070","7,181","1,491",418,0,"2,708",425,194,4,"2,181",757,397,66
ZCTA5 60047,60047,"15,356","9,528","2,195",959,0,"4,171",433,209,32,"1,657",693,325,136
ZCTA5 60048,60048,"10,448","5,974","1,258",416,12,"2,813",449,240,17,"1,661",687,275,77
ZCTA5 60050,60050,"13,068","6,739","1,767",706,0,"2,979",430,150,0,"3,350","1,635",639,149
ZCTA5 60051,60051,"9,618","5,540","1,220",423,21,"2,553",371,235,23,"1,525",758,373,77
ZCTA5 60053,60053,"9,111","4,790","1,577",673,33,"2,911",596,252,8,"1,410",616,404,275
ZCTA5 60056,60056,"22,107","9,119","2,194",694,59,"6,358","1,122",492,78,"6,630","2,978","1,340",293
ZCTA5 60060,60060,"13,437","6,099","1,075",330,74,"3,787",522,247,0,"3,551","1,173",643,315
ZCTA5 60061,60061,"11,095","4,836","1,258",440,1,"2,598",376,106,0,"3,661","1,451",893,280
ZCTA5 60062,60062,"16,290","7,528","2,328",916,13,"5,784","1,003",531,150,"2,978","1,328",707,251
ZCTA5 60064,60064,"5,177","1,269",468,205,2,916,156,75,0,"2,992","1,237",689,409
ZCTA5 60067,60067,"15,266","7,323","1,852",688,16,"4,303",625,174,12,"3,640","1,409",622,216
ZCTA5 60068,60068,"15,165","7,718","1,860",924,25,"5,211","1,000",549,44,"2,236",841,379,352
ZCTA5 60069,60069,"3,551","1,724",431,169,0,"1,179",260,155,12,648,330,252,61
ZCTA5 60070,60070,"6,190","1,885",529,229,0,"2,025",622,140,0,"2,280",717,206,125
ZCTA5 60071,60071,"1,910",869,276,100,0,487,88,28,3,554,155,79,19
ZCTA5 60072,60072,321,215,64,21,0,87,13,5,0,19,10,7,0
ZCTA5 60073,60073,"19,930","10,889","2,598","1,028",18,"4,695",646,185,18,"4,346","1,837","1,103",166
ZCTA5 60074,60074,"14,375","5,685","1,686",829,0,"3,065",478,238,17,"5,625","2,759","1,284",81
ZCTA5 60075,60075,21,0,0,0,0,21,21,21,0,0,0,0,0
ZCTA5 60076,60076,"11,458","5,493","1,561",485,17,"3,568",505,253,19,"2,397","1,167",690,195
ZCTA5 60077,60077,"10,807","4,033","1,474",895,68,"3,076",664,456,41,"3,698","1,688",913,90
ZCTA5 60081,60081,"3,302","2,213",600,285,4,816,270,83,0,273,29,14,50
ZCTA5 60083,60083,"3,562","2,298",621,183,77,"1,041",187,147,17,223,93,26,37
ZCTA5 60084,60084,"6,535","3,666",770,366,17,"1,575",358,132,44,"1,294",552,219,92
ZCTA5 60085,60085,"25,514","6,419","1,566",737,9,"5,465",691,338,12,"13,630","5,904","2,354",715
ZCTA5 60087,60087,"9,695","3,123",465,135,0,"3,039",397,115,11,"3,533","1,267",616,57
ZCTA5 60088,60088,"1,333",7,7,0,0,0,0,0,0,"1,326",749,447,26
ZCTA5 60089,60089,"16,052","8,462","2,284",895,38,"4,619",608,259,29,"2,971",764,399,474
ZCTA5 60090,60090,"15,201","5,933","1,854",611,102,"3,359",597,267,4,"5,909","2,480","1,268",113
ZCTA5 60091,60091,"10,223","5,570","1,442",673,36,"3,456",840,401,9,"1,197",422,288,94
ZCTA5 60093,60093,"7,215","4,187","1,139",712,11,"2,379",563,327,40,649,320,149,103
ZCTA5 60096,60096,"2,797","1,367",297,77,0,"1,026",185,57,20,404,249,171,11
ZCTA5 60097,60097,"4,239","2,792",557,241,0,"1,007",107,75,13,440,143,90,11
ZCTA5 60098,60098,"12,819","6,082","1,424",555,39,"3,316",348,165,17,"3,421","1,805",887,176
ZCTA5 60099,60099,"11,279","4,456","1,339",484,10,"2,631",528,452,52,"4,192","2,095","1,162",172
ZCTA5 60101,60101,"13,740","5,228","1,521",577,0,"4,146",630,238,71,"4,366","1,643",813,273
ZCTA5 60102,60102,"11,788","7,748","1,468",429,9,"2,627",326,99,20,"1,413",473,213,117
ZCTA5 60103,60103,"14,661","9,207","2,033",741,28,"3,759",416,232,34,"1,695",759,405,81
ZCTA5 60104,60104,"6,120","3,424","1,160",625,0,"1,455",383,234,0,"1,241",746,416,19
ZCTA5 60106,60106,"7,332","2,440",749,202,0,"1,481",184,89,17,"3,411","1,124",560,211
ZCTA5 60107,60107,"13,030","7,920","1,990",644,320,"3,617",320,184,14,"1,493",673,430,100
ZCTA5 60108,60108,"9,184","4,040","1,103",479,98,"2,746",517,214,23,"2,398","1,072",473,85
ZCTA5 60109,60109,193,101,33,14,0,47,6,0,0,45,16,10,6
ZCTA5 60110,60110,"11,973","5,944","1,400",558,0,"2,882",290,134,25,"3,147","1,395",684,82
ZCTA5 60111,60111,94,31,14,14,0,41,0,0,0,22,0,0,4
ZCTA5 60112,60112,"1,612","1,025",290,8,0,225,26,7,0,362,147,32,6
ZCTA5 60113,60113,92,40,11,2,0,28,0,0,0,24,2,0,6
ZCTA5 60115,60115,"16,899","4,630","1,175",392,0,"2,611",445,185,0,"9,658","5,917","3,398",711
ZCTA5 60118,60118,"6,343","3,098",698,323,0,"1,324",247,132,0,"1,921",797,413,42
ZCTA5 60119,60119,"4,368","2,656",598,268,0,"1,291",236,98,7,421,220,119,9
ZCTA5 60120,60120,"16,532","7,276","1,998",793,3,"3,569",521,323,8,"5,687","2,374","1,324",146
ZCTA5 60123,60123,"17,481","8,549","1,982",835,65,"3,929",875,266,0,"5,003","2,208","1,212",204
ZCTA5 60124,60124,"8,708","5,712","1,605",286,0,"2,465",298,154,27,531,272,145,53
ZCTA5 60126,60126,"17,792","9,320","1,845",716,68,"4,966",760,269,29,"3,506","1,590",630,98
ZCTA5 60129,60129,84,45,0,0,0,24,2,0,0,15,0,0,4
ZCTA5 60130,60130,"7,035","2,475",793,290,20,"1,298",225,104,17,"3,262","1,267",635,188
ZCTA5 60131,60131,"5,838","2,826",867,412,53,"1,580",405,182,0,"1,432",573,335,89
ZCTA5 60133,60133,"11,210","5,939","1,690",811,17,"2,586",273,159,77,"2,685","1,170",599,206
ZCTA5 60134,60134,"10,876","6,781","1,675",395,12,"2,490",332,135,0,"1,605",625,340,54
ZCTA5 60135,60135,"2,888","1,272",356,101,0,841,133,56,0,775,217,26,32
ZCTA5 60136,60136,"2,907","1,762",281,60,170,729,70,4,0,416,251,0,0
ZCTA5 60137,60137,"14,425","7,657","1,925",648,0,"4,018",734,273,17,"2,750","1,018",562,310
ZCTA5 60139,60139,"11,443","4,964","1,744",781,18,"2,376",332,154,7,"4,103","1,670","1,088",193
ZCTA5 60140,60140,"7,316","4,848",921,294,0,"1,622",353,79,0,846,454,22,55
ZCTA5 60141,60141,169,0,0,0,0,0,0,0,0,169,103,75,0
ZCTA5 60142,60142,"12,851","6,076","1,313",446,26,"5,350","1,420",735,56,"1,425",575,407,83
ZCTA5 60143,60143,"4,616","2,289",742,172,0,988,123,58,0,"1,339",376,120,0
ZCTA5 60144,60144,31,10,0,0,0,13,8,0,0,8,5,0,0
ZCTA5 60145,60145,860,551,172,36,0,184,16,9,0,125,34,19,34
ZCTA5 60146,60146,904,447,99,38,0,229,46,13,0,228,107,105,14
ZCTA5 60148,60148,"20,442","9,625","2,396",877,23,"4,993",657,240,59,"5,824","2,659","1,321",406
ZCTA5 60150,60150,687,359,78,7,0,123,12,4,3,205,65,44,9
ZCTA5 60151,60151,"1,566",915,163,19,0,385,40,21,0,266,95,42,14
ZCTA5 60152,60152,"4,487","2,208",545,264,0,"1,348",328,65,52,931,420,197,93
ZCTA5 60153,60153,"7,333","3,013","1,099",601,6,"1,421",249,190,15,"2,899","1,392",793,317
ZCTA5 60154,60154,"7,084","4,130","1,008",337,0,"2,343",299,189,16,611,157,81,59
ZCTA5 60155,60155,"3,123","1,272",317,127,0,721,261,193,30,"1,130",410,230,27
ZCTA5 60156,60156,"9,898","6,491","1,249",467,5,"1,873",175,54,23,"1,534",772,330,33
ZCTA5 60157,60157,920,432,117,85,0,470,87,26,0,18,0,0,10
ZCTA5 60160,60160,"8,321","2,559",864,354,0,"2,209",381,222,58,"3,553","1,147",475,182
ZCTA5 60162,60162,"3,050","1,321",512,161,0,788,67,48,13,941,435,347,44
ZCTA5 60163,60163,"1,980","1,241",316,26,0,419,226,102,0,320,219,0,0
ZCTA5 60164,60164,"7,186","3,341","1,204",409,36,"2,046",207,97,0,"1,799",794,446,162
ZCTA5 60165,60165,"1,203",352,100,39,0,304,102,35,12,547,209,116,52
ZCTA5 60169,60169,"12,353","5,265","1,340",453,9,"2,865",534,397,42,"4,223","1,564",804,132
ZCTA5 60171,60171,"4,106","1,445",525,272,11,"1,003",209,109,20,"1,658",543,228,191
ZCTA5 60172,60172,"9,126","5,045","1,160",504,43,"2,259",310,175,25,"1,822",606,310,89
ZCTA5 60173,60173,"6,576","1,389",279,111,0,711,204,98,0,"4,476","1,301",551,71
ZCTA5 60174,60174,"12,524","5,545","1,048",455,12,"2,959",308,135,41,"4,020","2,005",943,123
ZCTA5 60175,60175,"8,862","6,136","1,501",495,12,"2,348",402,213,0,378,113,105,40
ZCTA5 60176,60176,"4,240","1,328",497,207,0,937,189,74,0,"1,975","1,077",511,62
ZCTA5 60177,60177,"8,533","5,319","1,190",381,10,"1,614",130,80,10,"1,600",818,515,14
ZCTA5 60178,60178,"8,699","4,718","1,175",405,23,"1,589",117,28,24,"2,392",686,410,13
ZCTA5 60180,60180,729,334,95,59,0,274,23,9,0,121,0,0,18
ZCTA5 60181,60181,"11,460","5,396","1,602",597,23,"2,556",252,98,39,"3,508","1,144",436,264
ZCTA5 60183,60183,5,0,0,0,0,0,0,0,0,5,0,0,0
ZCTA5 60184,60184,895,630,252,63,0,218,36,29,0,47,15,4,5
ZCTA5 60185,60185,"10,611","5,580","1,537",550,14,"2,798",405,163,63,"2,233","1,177",703,135
ZCTA5 60187,60187,"9,987","5,026","1,176",408,10,"1,963",353,190,0,"2,998","1,149",490,208
ZCTA5 60188,60188,"15,163","7,223","1,892",694,14,"3,369",329,151,33,"4,571","1,661",640,214
ZCTA5 60189,60189,"12,054","6,375","1,451",587,0,"3,110",485,282,0,"2,569",886,475,223
ZCTA5 60190,60190,"4,529","2,693",473,140,11,"1,488",99,32,0,348,141,70,41
ZCTA5 60191,60191,"5,328","2,580",714,249,0,"1,522",319,246,0,"1,226",480,262,37
ZCTA5 60192,60192,"5,933","3,655",682,284,0,"1,699",161,36,0,579,213,119,89
ZCTA5 60193,60193,"15,709","7,659","2,160","1,099",77,"4,091",545,266,8,"3,959","1,616",591,272
ZCTA5 60194,60194,"7,884","3,988",959,360,9,"1,713",292,155,24,"2,183",979,448,124
ZCTA5 60195,60195,"2,335",516,78,9,0,205,27,6,0,"1,614",587,212,44
ZCTA5 60201,60201,"17,363","5,671","1,457",645,61,"3,862",647,371,26,"7,830","4,031","2,570",864
ZCTA5 60202,60202,"14,024","5,298","1,557",750,23,"2,693",449,281,44,"6,033","2,017",848,204
ZCTA5 60203,60203,"1,689",994,220,49,0,592,211,70,0,103,11,11,23
ZCTA5 60208,60208,0,0,0,0,0,0,0,0,0,0,0,0,0
ZCTA5 60301,60301,"2,087",251,42,12,0,116,13,13,0,"1,720",497,181,106
ZCTA5 60302,60302,"14,653","6,283","1,819",567,36,"2,837",414,152,79,"5,533","2,425","1,179",283
ZCTA5 60304,60304,"6,527","3,411",771,290,0,"1,230",249,187,9,"1,886",654,368,93
ZCTA5 60305,60305,"4,275","2,321",684,257,0,"1,485",495,256,14,469,291,62,65
ZCTA5 60401,60401,"2,885","1,305",216,136,0,"1,144",191,94,19,436,140,45,14
ZCTA5 60402,60402,"23,143","9,954","3,446","1,582",0,"4,874","1,080",534,50,"8,315","3,870","2,014",604
ZCTA5 60403,60403,"7,651","3,573","1,000",562,24,"1,642",206,87,137,"2,436","1,028",614,118
ZCTA5 60404,60404,"7,205","4,422","1,216",556,58,"2,353",264,48,20,430,208,169,56
ZCTA5 60406,60406,"9,164","2,561",565,245,20,"1,931",440,206,35,"4,672","2,053",979,292
ZCTA5 60407,60407,626,333,63,33,0,197,55,15,0,96,17,10,26
ZCTA5 60408,60408,"2,097","1,116",204,106,0,565,45,9,0,416,188,87,62
ZCTA5 60409,60409,"14,678","4,796","1,771",795,120,"3,403",642,523,52,"6,479","3,516","2,176",362
ZCTA5 60410,60410,"4,514","3,035",547,229,26,"1,031",87,9,9,448,112,103,19
ZCTA5 60411,60411,"18,444","6,958","2,427","1,178",81,"5,085",885,500,42,"6,401","3,573","2,194",539
ZCTA5 60415,60415,"5,309","1,651",353,129,0,"1,267",179,98,45,"2,391",833,305,84
ZCTA5 60416,60416,"3,693","1,611",453,169,0,"1,292",117,25,0,790,277,116,10
ZCTA5 60417,60417,"5,936","3,370","1,288",373,0,"1,938",276,110,10,628,283,166,155
ZCTA5 60418,60418,"5,016","2,213",682,396,0,"1,660",248,111,9,"1,143",399,300,278
ZCTA5 60419,60419,"7,919","3,649","1,564",682,50,"2,051",471,235,38,"2,219","1,445",797,72
ZCTA5 60420,60420,"1,841",637,151,44,0,660,136,66,0,544,167,122,67
ZCTA5 60421,60421,"1,548",844,182,29,0,501,32,18,0,203,27,21,46
ZCTA5 60422,60422,"3,708","2,535",864,65,0,"1,023",247,145,0,150,20,20,11
ZCTA5 60423,60423,"10,997","6,831","1,904",523,0,"3,462",674,232,42,704,211,124,184
ZCTA5 60424,60424,800,283,74,37,0,320,33,12,0,197,78,39,7
ZCTA5 60425,60425,"3,088","1,573",531,306,26,843,194,137,13,672,340,208,84
ZCTA5 60426,60426,"8,299","2,285","1,057",604,0,"2,432",371,188,48,"3,582","1,809","1,108",449
ZCTA5 60428,60428,"3,655","1,388",550,362,0,"1,291",235,66,42,976,799,423,27
ZCTA5 60429,60429,"5,116","2,447","1,009",517,35,"1,098",135,54,304,"1,571",678,350,45
ZCTA5 60430,60430,"7,302","3,466",730,357,10,"2,346",330,170,67,"1,490",707,295,192
ZCTA5 60431,60431,"8,942","6,198","1,193",423,113,"1,948",172,101,16,796,331,82,45
ZCTA5 60432,60432,"6,447","2,301",655,345,0,"1,383",131,41,0,"2,763","1,402",750,122
ZCTA5 60433,60433,"5,252","1,816",718,277,0,"1,557",175,66,33,"1,879",878,401,203
ZCTA5 60435,60435,"18,945","8,275","2,021",719,19,"4,339",491,225,94,"6,331","2,785","1,430",484
ZCTA5 60436,60436,"6,565","2,656",672,298,12,"1,101",271,116,0,"2,808","1,337",603,220
ZCTA5 60437,60437,41,25,4,0,0,14,1,0,1,2,0,0,0
ZCTA5 60438,60438,"11,303","5,478","1,758",797,0,"2,455",418,240,101,"3,370","1,440",883,318
ZCTA5 60439,60439,"8,697","4,184",960,323,13,"3,511",541,209,61,"1,002",385,136,155
ZCTA5 60440,60440,"17,404","9,044","2,769",941,42,"4,019",488,261,33,"4,341","2,083","1,050",204
ZCTA5 60441,60441,"12,580","7,360","1,840",689,20,"3,070",372,223,73,"2,150",866,397,127
ZCTA5 60442,60442,"4,521","2,943",510,148,0,"1,155",84,45,4,423,238,177,30
ZCTA5 60443,60443,"8,323","4,309","1,468",468,1,"2,148",428,230,42,"1,866",503,333,494
ZCTA5 60444,60444,713,432,79,33,3,162,7,3,8,119,53,11,17
ZCTA5 60445,60445,"6,017","2,919",782,450,0,"1,767",393,265,30,"1,331","1,084",627,15
ZCTA5 60446,60446,"13,388","8,296","2,030",706,29,"2,755",256,92,9,"2,337","1,295",628,118
ZCTA5 60447,60447,"5,403","3,749",717,179,0,"1,154",114,84,0,500,314,219,0
ZCTA5 60448,60448,"8,905","5,757","1,438",589,0,"2,358",315,128,30,790,236,95,173
ZCTA5 60449,60449,"3,606","2,302",730,158,0,"1,194",115,91,0,110,56,56,45
ZCTA5 60450,60450,"8,913","3,716",823,509,0,"2,082",148,50,0,"3,115","1,249",692,102
ZCTA5 60451,60451,"12,519","8,200","1,694",498,18,"3,420",421,228,54,899,347,149,131
ZCTA5 60452,60452,"10,182","5,529","1,442",582,6,"2,548",348,117,9,"2,105",815,289,248
ZCTA5 60453,60453,"21,745","10,871","3,176","1,494",76,"7,069","1,458",736,72,"3,805","1,852",954,333
ZCTA5 60455,60455,"6,241","2,111",780,314,0,"1,984",315,172,50,"2,146","1,063",525,287
ZCTA5 60456,60456,"1,916",870,293,101,0,523,103,17,26,523,116,65,55
ZCTA5 60457,60457,"5,594","2,300",658,328,39,"1,709",294,115,71,"1,585",637,300,104
ZCTA5 60458,60458,"5,311","1,396",462,264,32,"1,381",452,297,33,"2,534","1,114",690,105
ZCTA5 60459,60459,"9,674","4,608","1,549",574,7,"3,153",649,382,20,"1,913",790,447,177
ZCTA5 60460,60460,534,203,68,38,0,237,35,28,0,94,22,8,26
ZCTA5 60461,60461,"1,835","1,256",465,292,9,324,130,96,0,255,244,129,0
ZCTA5 60462,60462,"16,446","7,583","2,166","1,033",0,"6,199","1,360",631,22,"2,664","1,308",456,146
ZCTA5 60463,60463,"5,226","2,816",750,320,0,"2,096",467,262,21,314,82,62,109
ZCTA5 60464,60464,"3,947","1,675",454,278,24,"1,799",375,215,0,473,279,216,35
ZCTA5 60465,60465,"7,327","3,915","1,098",319,0,"1,916",385,92,23,"1,496",592,284,123
ZCTA5 60466,60466,"8,301","2,775",846,522,2,"2,609",423,291,4,"2,917","1,106",726,265
ZCTA5 60467,60467,"9,646","5,155","1,775",782,19,"3,834",649,384,32,657,306,238,83
ZCTA5 60468,60468,"2,258","1,097",193,123,6,603,106,56,0,558,275,23,11
ZCTA5 60469,60469,"1,619",673,190,92,0,482,12,0,32,464,214,120,0
ZCTA5 60470,60470,170,69,7,2,0,79,12,7,0,22,0,0,2
ZCTA5 60471,60471,"5,244","2,125",522,176,53,449,82,43,0,"2,670","1,303",692,72
ZCTA5 60472,60472,"1,555",346,180,145,0,665,230,140,0,544,198,180,65
ZCTA5 60473,60473,"7,575","4,760","1,521",645,55,"1,545",310,121,48,"1,270",828,648,111
ZCTA5 60474,60474,278,130,26,11,1,121,12,3,4,27,11,10,2
ZCTA5 60475,60475,"4,326","1,735",597,251,0,961,136,98,10,"1,630",826,447,119
ZCTA5 60476,60476,790,415,115,86,5,227,27,16,4,148,85,49,9
ZCTA5 60477,60477,"15,442","8,167","2,046",703,57,"4,633",671,264,67,"2,642","1,139",690,207
ZCTA5 60478,60478,"5,418","3,188","1,024",557,0,983,107,74,0,"1,247",625,447,151
ZCTA5 60479,60479,290,151,20,13,0,86,8,0,1,53,14,4,4
ZCTA5 60480,60480,"2,398","1,346",393,171,10,702,151,82,0,350,179,64,28
ZCTA5 60481,60481,"4,610","2,094",573,245,36,"1,316",175,108,0,"1,200",469,279,172
ZCTA5 60482,60482,"4,491","1,795",728,317,25,"1,147",203,138,15,"1,549",812,437,37
ZCTA5 60484,60484,"2,163",810,209,120,0,573,73,15,0,780,439,139,122
ZCTA5 60487,60487,"9,119","5,596","1,454",558,11,"2,877",376,121,11,646,261,91,0
ZCTA5 60490,60490,"6,362","4,538","1,068",378,0,"1,178",118,69,12,646,300,201,51
ZCTA5 60491,60491,"7,533","4,485","1,097",452,0,"2,537",419,194,4,511,229,175,113
ZCTA5 60501,60501,"3,813","1,056",466,286,0,"1,334",258,147,2,"1,423",737,280,32
ZCTA5 60502,60502,"8,364","4,762",886,415,22,"1,952",234,92,14,"1,650",774,334,0
ZCTA5 60503,60503,"5,167","3,833",928,272,0,847,49,19,13,487,112,17,15
ZCTA5 60504,60504,"14,009","6,623","1,435",670,23,"1,977",183,91,89,"5,409","2,179","1,119",85
ZCTA5 60505,60505,"17,327","5,646","1,233",480,29,"4,362",520,192,83,"7,319","3,114","1,547",391
ZCTA5 60506,60506,"17,681","8,153","2,592",798,0,"3,723",542,269,49,"5,805","2,583","1,307",179
ZCTA5 60510,60510,"10,961","6,120","1,285",471,8,"2,449",352,157,27,"2,392","1,266",630,93
ZCTA5 60511,60511,601,443,65,34,0,110,19,5,0,48,4,0,9
ZCTA5 60512,60512,418,116,56,9,0,190,0,0,0,112,80,0,0
ZCTA5 60513,60513,"7,663","4,014","1,191",481,0,"2,064",375,186,0,"1,585",620,257,65
ZCTA5 60514,60514,"3,926","2,341",853,417,57,693,131,90,0,892,275,184,26
ZCTA5 60515,60515,"11,939","5,804","1,091",504,11,"3,378",530,214,39,"2,757","1,165",667,180
ZCTA5 60516,60516,"11,383","5,359",980,437,14,"3,471",481,216,41,"2,553","1,153",350,155
ZCTA5 60517,60517,"12,822","6,144","1,567",768,38,"2,427",324,86,29,"4,251","1,992",836,39
ZCTA5 60518,60518,"1,518",543,117,52,0,484,50,26,3,491,241,170,53
ZCTA5 60519,60519,32,25,7,7,0,7,0,0,0,0,0,0,0
ZCTA5 60520,60520,"1,161",617,267,41,19,296,39,16,0,248,114,70,16
ZCTA5 60521,60521,"6,000","3,521",663,280,19,"1,833",292,195,0,646,271,168,31
ZCTA5 60523,60523,"4,203","1,562",666,482,16,"1,794",271,188,91,847,419,166,142
ZCTA5 60525,60525,"12,288","5,998","1,448",542,3,"3,787",596,362,36,"2,503",930,519,170
ZCTA5 60526,60526,"5,074","2,508",452,90,0,"1,258",192,80,7,"1,308",608,288,60
ZCTA5 60527,60527,"12,123","4,551","1,435",735,5,"4,889",850,372,50,"2,683","1,124",659,315
ZCTA5 60530,60530,276,173,41,1,0,65,32,0,0,38,11,7,11
ZCTA5 60531,60531,816,368,91,26,45,181,41,24,2,267,131,119,25
ZCTA5 60532,60532,"12,702","4,625","1,107",370,34,"2,522",204,68,89,"5,555","1,890",866,256
ZCTA5 60534,60534,"4,118","1,591",507,275,13,"1,084",215,167,0,"1,443",716,347,125
ZCTA5 60536,60536,28,14,0,0,0,8,0,0,0,6,1,1,0
ZCTA5 60537,60537,254,178,21,13,0,61,1,0,0,15,0,0,2
ZCTA5 60538,60538,"10,138","6,224","2,281",592,29,"1,834",194,90,0,"2,080",877,452,169
ZCTA5 60539,60539,0,0,0,0,0,0,0,0,0,0,0,0,0
ZCTA5 60540,60540,"15,239","7,287","1,301",594,5,"4,168",448,196,87,"3,784","1,363",852,144
ZCTA5 60541,60541,"1,088",615,161,48,2,324,16,3,7,149,28,20,19
ZCTA5 60542,60542,"7,162","3,645",683,282,0,"1,628",123,106,10,"1,889",650,390,55
ZCTA5 60543,60543,"14,200","9,582","1,892",603,46,"2,658",354,229,17,"1,960","1,291",464,77
ZCTA5 60544,60544,"10,223","5,895","1,603",580,18,"2,857",393,73,20,"1,471",630,322,108
ZCTA5 60545,60545,"4,713","2,534",802,230,0,"1,066",94,59,19,"1,113",327,121,24
ZCTA5 60546,60546,"6,479","3,094",748,229,0,"1,871",486,224,4,"1,514",538,258,167
ZCTA5 60548,60548,"4,355","1,968",427,122,0,"1,489",219,21,0,898,314,139,108
ZCTA5 60549,60549,250,130,28,0,0,87,4,4,0,33,0,0,7
ZCTA5 60550,60550,454,198,79,19,0,120,10,8,0,136,59,35,15
ZCTA5 60551,60551,"1,470",669,132,82,8,532,25,17,0,269,122,120,22
ZCTA5 60552,60552,"1,864","1,076",169,100,0,505,16,9,3,283,88,48,38
ZCTA5 60553,60553,237,138,13,8,0,66,3,3,0,33,13,11,16
ZCTA5 60554,60554,"4,635","2,539",586,274,0,"1,723",322,182,14,373,139,68,112
ZCTA5 60555,60555,"5,675","3,044",795,205,10,"1,260",285,163,28,"1,371",451,273,95
ZCTA5 60556,60556,754,444,109,18,0,186,30,2,0,124,22,12,6
ZCTA5 60557,60557,25,0,0,0,0,25,0,0,0,0,0,0,0
ZCTA5 60558,60558,"4,475","2,940",454,124,0,"1,334",204,105,6,201,53,24,27
ZCTA5 60559,60559,"10,389","3,653",854,303,0,"2,495",500,328,16,"4,241","1,882",912,221
ZCTA5 60560,60560,"9,732","6,290","1,247",418,0,"1,838",292,77,15,"1,604","1,155",282,10
ZCTA5 60561,60561,"9,278","4,156","1,030",477,6,"3,200",348,225,10,"1,922",792,292,96
ZCTA5 60563,60563,"16,200","5,946","1,312",517,6,"2,714",534,319,80,"7,540","2,875","1,453",209
ZCTA5 60564,60564,"15,804","9,652","1,852",707,25,"4,079",682,445,26,"2,073",526,245,67
ZCTA5 60565,60565,"13,822","8,200","2,047",854,8,"4,020",412,205,43,"1,602",431,277,116
ZCTA5 60585,60585,"7,635","5,455","1,278",351,5,"1,537",231,110,9,643,157,104,48
ZCTA5 60586,60586,"14,421","10,925","2,177",900,228,"2,427",268,50,75,"1,069",368,140,113
ZCTA5 60601,60601,"9,629","1,633",586,172,60,965,0,0,0,"7,031","2,575","1,399",113
ZCTA5 60602,60602,551,161,21,21,0,94,24,19,0,296,176,98,0
ZCTA5 60603,60603,719,252,134,18,0,209,46,21,4,258,134,83,31
ZCTA5 60604,60604,383,75,13,5,0,89,44,22,0,219,189,118,17
ZCTA5 60605,60605,"18,822","5,497","2,505","1,244",22,"2,138",330,143,0,"11,187","4,179","1,948",355
ZCTA5 60606,60606,"2,637",615,214,214,0,90,0,0,0,"1,932",447,193,0
ZCTA5 60607,60607,"15,037","4,722","1,027",457,107,"1,532",313,250,0,"8,783","3,389","1,744",458
ZCTA5 60608,60608,"30,070","7,323","2,701","1,331",73,"4,763","1,001",573,115,"17,984","6,721","3,591",972
ZCTA5 60609,60609,"23,174","5,443","1,804",734,83,"4,198",738,387,43,"13,533","6,065","3,604","1,287"
ZCTA5 60610,60610,"27,145","5,657","1,995",698,63,"3,644",864,506,72,"17,844","6,344","2,894",411
ZCTA5 60611,60611,"23,564","5,185","2,050",757,35,"5,034","1,465",891,139,"13,345","5,077","3,054","1,135"
ZCTA5 60612,60612,"14,934","3,386",870,379,26,"1,215",172,124,0,"10,333","4,526","2,532",933
ZCTA5 60613,60613,"28,784","7,904","1,827",623,25,"2,913",681,352,8,"17,967","6,244","2,817",614
ZCTA5 60614,60614,"34,603","10,494","2,013",961,52,"5,120","1,049",746,240,"18,989","6,337","2,930",359
ZCTA5 60615,60615,"22,430","4,373","1,367",549,33,"2,773",566,333,152,"15,284","7,844","4,476",955
ZCTA5 60616,60616,"25,360","6,361","1,836",636,52,"3,615",727,443,32,"15,384","5,930","3,133","1,226"
ZCTA5 60617,60617,"30,248","9,294","3,027","1,728",64,"7,703","1,442",798,207,"13,251","6,376","3,910",974
ZCTA5 60618,60618,"37,745","13,867","3,695","1,626",42,"4,494","1,258",582,63,"19,384","6,458","2,975",865
ZCTA5 60619,60619,"28,016","7,020","2,567","1,475",149,"5,115",878,540,164,"15,881","8,908","5,638","1,498"
ZCTA5 60620,60620,"25,896","7,855","2,907","1,641",40,"5,047","1,059",618,48,"12,994","6,545","3,623","1,062"
ZCTA5 60621,60621,"11,382","1,337",615,239,18,"1,509",504,232,54,"8,536","3,933","2,348","1,217"
ZCTA5 60622,60622,"25,594","8,492","2,077","1,023",46,"2,268",513,374,32,"14,834","4,251","1,958",285
ZCTA5 60623,60623,"27,450","5,218","2,170","1,112",42,"5,317","1,437",740,114,"16,915","8,879","4,598","1,134"
ZCTA5 60624,60624,"13,435","2,222",905,444,71,"1,322",358,229,25,"9,891","5,850","3,918",979
ZCTA5 60625,60625,"31,681","9,453","2,742",968,34,"3,325",568,282,42,"18,903","7,479","3,506",565
ZCTA5 60626,60626,"24,103","4,766","1,317",533,51,"1,657",213,92,0,"17,680","8,377","4,427",674
ZCTA5 60628,60628,"23,170","7,515","2,461","1,367",68,"5,879",928,550,311,"9,776","5,193","3,728","1,200"
ZCTA5 60629,60629,"34,229","12,848","4,768","2,144",213,"8,109","1,021",514,114,"13,272","7,410","3,443",531
ZCTA5 60630,60630,"21,698","9,495","2,839","1,252",33,"5,398","1,128",422,74,"6,805","2,474","1,080",336
ZCTA5 60631,60631,"12,144","5,452","1,209",614,11,"3,560",608,242,36,"3,132","1,323",794,167
ZCTA5 60632,60632,"27,058","8,775","3,403","1,674",54,"6,883","1,142",635,20,"11,400","5,369","2,099",436
ZCTA5 60633,60633,"4,919","1,824",493,253,0,"1,220",263,98,32,"1,875",809,573,302
ZCTA5 60634,60634,"27,575","12,851","4,337","1,724",53,"7,548","1,448",740,107,"7,176","3,079","1,652",458
ZCTA5 60636,60636,"11,444","2,905","1,498",821,47,"2,916",783,414,65,"5,623","3,383","2,061",593
ZCTA5 60637,60637,"22,628","3,413","1,567","1,017",10,"2,495",499,254,7,"16,720","8,158","4,724","1,588"
ZCTA5 60638,60638,"20,805","9,944","2,465",858,151,"6,893","1,175",616,66,"3,968","1,637",832,372
ZCTA5 60639,60639,"26,703","8,029","3,497","1,726",44,"4,676","1,051",555,60,"13,998","6,801","3,954","1,179"
ZCTA5 60640,60640,"37,727","8,320","1,889",578,0,"3,475",731,403,65,"25,932","10,482","5,447","1,306"
ZCTA5 60641,60641,"25,449","9,381","3,044","1,480",16,"4,008",724,311,73,"12,060","5,247","2,731",448
ZCTA5 60642,60642,"11,379","3,141",574,361,45,559,116,29,46,"7,679","2,272",928,191
ZCTA5 60643,60643,"18,289","8,532","2,511","1,206",56,"4,860",713,399,13,"4,897","2,400","1,462",401
ZCTA5 60644,60644,"18,748","3,747","1,729",792,53,"1,828",428,229,47,"13,173","7,227","4,905","1,229"
ZCTA5 60645,60645,"16,613","5,290","1,718",836,49,"3,287",697,263,11,"8,036","3,531","1,718",567
ZCTA5 60646,60646,"11,080","5,387","1,829",843,0,"3,378",728,414,0,"2,315","1,048",233,159
ZCTA5 60647,60647,"38,440","11,614","3,103","1,340",61,"3,115",752,357,47,"23,711","7,790","3,533",801
ZCTA5 60649,60649,"24,326","3,790","1,472",658,58,"2,309",545,252,74,"18,227","9,120","5,304","1,160"
ZCTA5 60651,60651,"20,880","6,311","2,676","1,492",58,"3,243",563,248,45,"11,326","6,234","3,704",810
ZCTA5 60652,60652,"13,353","7,915","3,125","1,545",0,"3,608",567,429,31,"1,830","1,129",819,75
ZCTA5 60653,60653,"16,833","4,359","1,315",507,20,843,135,55,25,"11,631","5,619","2,933",964
ZCTA5 60654,60654,"15,955","3,816","1,183",491,33,"1,677",345,207,23,"10,462","3,130","1,500",426
ZCTA5 60655,60655,"10,817","5,966",996,385,27,"3,057",340,219,57,"1,794",638,247,217
ZCTA5 60656,60656,"12,392","4,894","1,358",693,0,"3,068",718,270,14,"4,430","1,642",939,236
ZCTA5 60657,60657,"39,636","11,213","2,535","1,051",71,"3,827",698,293,46,"24,596","9,194","4,063",545
ZCTA5 60659,60659,"13,612","3,536","1,571",736,0,"2,650",618,351,34,"7,426","3,155","1,613",299
ZCTA5 60660,60660,"21,349","4,878","1,370",508,0,"3,106",692,373,78,"13,365","5,632","2,619",553
ZCTA5 60661,60661,"7,475","1,909",332,71,0,334,36,36,0,"5,232","1,676",713,382
ZCTA5 60706,60706,"9,292","3,177","1,160",549,5,"3,726",603,224,40,"2,389",957,503,266
ZCTA5 60707,60707,"15,486","6,367","2,059",990,8,"3,594",703,266,166,"5,525","2,564","1,270",267
ZCTA5 60712,60712,"4,593","2,034",913,498,0,"1,844",325,143,30,715,371,321,100
ZCTA5 60714,60714,"11,328","4,828","1,470",627,0,"3,861",735,429,35,"2,639","1,234",841,134
ZCTA5 60803,60803,"9,201","4,213","1,119",535,38,"2,023",332,209,16,"2,965","1,324",793,329
ZCTA5 60804,60804,"25,031","7,959","2,649","1,051",41,"5,708",785,262,108,"11,364","4,587","1,918",605
ZCTA5 60805,60805,"7,328","3,878","1,236",507,13,"2,231",318,222,9,"1,219",505,293,106
ZCTA5 60827,60827,"9,372","2,500","1,099",472,45,"1,368",367,177,64,"5,504","2,646","1,648",722
ZCTA5 60901,60901,"13,006","4,572","1,189",492,61,"3,304",440,245,46,"5,130","2,648","1,528",410
ZCTA5 60910,60910,209,83,9,5,0,83,26,17,0,43,18,4,6
ZCTA5 60911,60911,480,199,19,9,0,188,25,16,0,93,27,5,19
ZCTA5 60912,60912,288,81,28,24,0,147,42,26,2,60,1,0,25
ZCTA5 60913,60913,705,251,81,36,1,369,32,14,0,85,2,2,36
ZCTA5 60914,60914,"9,975","4,484",742,378,17,"2,609",349,206,0,"2,882","1,053",322,220
ZCTA5 60915,60915,"4,147","1,557",391,93,0,"1,054",139,60,0,"1,536",675,266,46
ZCTA5 60917,60917,175,116,42,31,0,55,12,9,0,4,0,0,1
ZCTA5 60918,60918,300,99,35,10,0,155,13,2,0,46,20,15,9
ZCTA5 60919,60919,199,63,9,5,0,90,9,0,5,46,11,7,20
ZCTA5 60920,60920,58,31,0,0,0,15,0,0,2,12,3,0,3
ZCTA5 60921,60921,635,200,43,25,0,246,13,6,2,189,70,19,14
ZCTA5 60922,60922,952,373,60,6,0,323,82,76,2,256,79,52,16
ZCTA5 60924,60924,695,294,71,32,0,246,2,0,13,155,66,33,20
ZCTA5 60926,60926,26,19,3,0,0,6,0,0,0,1,1,1,0
ZCTA5 60927,60927,891,382,59,9,0,330,22,14,8,179,81,57,13
ZCTA5 60928,60928,236,96,10,8,0,99,16,3,3,41,16,6,0
ZCTA5 60929,60929,264,97,13,6,0,109,10,3,1,58,10,5,5
ZCTA5 60930,60930,297,154,18,6,16,64,1,0,0,79,18,15,21
ZCTA5 60931,60931,176,73,40,30,0,85,0,0,5,18,7,2,4
ZCTA5 60932,60932,132,104,8,8,0,20,0,0,0,8,0,0,8
ZCTA5 60933,60933,112,39,5,0,0,50,15,8,0,23,2,0,3
ZCTA5 60934,60934,91,50,16,12,0,21,3,3,0,20,0,0,15
ZCTA5 60935,60935,413,267,21,9,0,116,26,12,0,30,0,0,10
ZCTA5 60936,60936,"1,884",619,109,42,0,723,110,68,6,542,298,201,34
ZCTA5 60938,60938,809,296,30,20,0,370,43,24,0,143,37,7,37
ZCTA5 60939,60939,0,0,0,0,0,0,0,0,0,0,0,0,0
ZCTA5 60940,60940,"1,150",600,132,47,0,349,39,35,30,201,82,55,32
ZCTA5 60941,60941,614,261,25,11,0,194,22,13,3,159,73,63,17
ZCTA5 60942,60942,"2,458",784,179,47,0,941,54,25,0,733,290,245,83
ZCTA5 60945,60945,87,34,0,0,0,43,4,1,1,10,4,4,0
ZCTA5 60946,60946,166,64,5,0,0,68,2,0,0,34,3,3,0
ZCTA5 60948,60948,747,373,83,67,1,351,56,30,0,23,0,0,4
ZCTA5 60949,60949,188,64,16,6,0,51,8,5,2,73,13,5,22
ZCTA5 60950,60950,"5,073","2,271",573,134,0,"1,293",149,55,7,"1,509",660,224,255
ZCTA5 60951,60951,336,160,33,18,16,119,9,9,0,57,22,22,5
ZCTA5 60952,60952,260,114,24,7,0,109,8,2,0,37,8,7,2
ZCTA5 60953,60953,905,345,114,63,0,364,36,11,11,196,73,23,24
ZCTA5 60954,60954,"2,222",774,145,71,0,906,148,71,0,542,197,98,33
ZCTA5 60955,60955,677,199,36,20,0,403,22,14,25,75,3,3,17
ZCTA5 60956,60956,40,15,3,0,0,15,2,2,1,10,1,0,2
ZCTA5 60957,60957,"2,363","1,160",289,152,0,615,29,15,3,588,114,31,28
ZCTA5 60958,60958,651,176,109,71,0,273,80,65,0,202,88,52,26
ZCTA5 60959,60959,426,167,37,19,0,125,18,5,0,134,53,16,41
ZCTA5 60960,60960,302,140,44,2,2,79,3,2,0,83,33,6,22
ZCTA5 60961,60961,373,165,77,75,0,187,25,14,14,21,14,11,2
ZCTA5 60962,60962,224,66,18,7,0,94,26,11,0,64,26,22,33
ZCTA5 60963,60963,548,198,29,9,0,235,41,22,3,115,28,15,11
ZCTA5 60964,60964,"1,897",853,187,128,5,616,53,32,0,428,103,46,121
ZCTA5 60966,60966,722,224,48,5,0,292,35,2,0,206,75,24,8
ZCTA5 60967,60967,0,0,0,0,0,0,0,0,0,0,0,0,0
ZCTA5 60968,60968,201,76,18,0,9,98,7,0,0,27,13,2,9
ZCTA5 60969,60969,27,11,2,0,0,13,0,0,0,3,0,0,0
ZCTA5 60970,60970,"2,675",981,311,177,2,887,111,40,27,807,363,139,87
ZCTA5 60973,60973,119,59,9,6,0,37,4,1,0,23,8,2,0
ZCTA5 60974,60974,131,47,3,0,0,52,2,2,0,32,6,6,3
ZCTA5 61001,61001,576,263,117,59,0,229,29,0,0,84,56,44,9
ZCTA5 61006,61006,622,224,34,14,0,216,27,5,0,182,33,28,3
ZCTA5 61007,61007,161,76,38,38,0,73,23,23,0,12,12,0,0
ZCTA5 61008,61008,"12,826","6,247","1,529",677,50,"3,861",329,226,37,"2,718","1,187",444,141
ZCTA5 61010,61010,"2,810","1,533",322,101,0,744,126,92,0,533,145,83,113
ZCTA5 61011,61011,993,591,78,43,0,356,54,53,0,46,16,0,10
ZCTA5 61012,61012,737,410,95,47,0,211,4,0,0,116,39,26,34
ZCTA5 61013,61013,335,165,45,22,0,146,11,6,1,24,5,5,3
ZCTA5 61014,61014,481,189,10,8,0,235,28,1,0,57,0,0,6
ZCTA5 61015,61015,299,225,14,0,0,59,7,5,0,15,0,0,15
ZCTA5 61016,61016,"2,091","1,162",259,65,0,716,74,7,8,213,59,16,19
ZCTA5 61018,61018,419,141,10,7,0,185,21,10,0,93,17,11,24
ZCTA5 61019,61019,"1,309",585,112,21,0,515,16,3,0,209,67,20,79
ZCTA5 61020,61020,"1,037",660,98,47,0,275,31,24,12,102,5,0,6
ZCTA5 61021,61021,"9,010","3,731",863,268,0,"2,825",289,136,17,"2,454",869,430,109
ZCTA5 61024,61024,926,433,78,5,0,292,37,24,3,201,69,27,34
ZCTA5 61025,61025,"2,123","1,101",188,43,3,707,56,18,0,315,110,33,66
ZCTA5 61027,61027,19,11,0,0,0,8,8,0,0,0,0,0,0
ZCTA5 61028,61028,815,364,88,24,2,304,27,2,0,147,64,33,10
ZCTA5 61030,61030,791,382,81,39,0,273,17,11,0,136,23,6,9
ZCTA5 61031,61031,603,205,41,33,0,228,19,17,0,170,38,27,10
ZCTA5 61032,61032,"13,407","4,280",940,501,5,"4,374",583,315,43,"4,753","1,821",844,375
ZCTA5 61036,61036,"3,469","1,661",431,121,5,"1,102",62,20,0,706,301,181,19
ZCTA5 61037,61037,48,9,0,0,0,39,0,0,0,0,0,0,0
ZCTA5 61038,61038,448,313,114,88,0,112,0,0,0,23,23,23,0
ZCTA5 61039,61039,310,137,13,11,0,94,1,1,0,79,21,15,7
ZCTA5 61041,61041,646,198,56,36,0,260,30,10,5,188,134,62,4
ZCTA5 61042,61042,170,37,7,7,0,97,2,1,0,36,1,1,7
ZCTA5 61043,61043,56,29,14,8,0,17,0,0,0,10,6,0,0
ZCTA5 61044,61044,113,54,5,0,0,59,0,0,5,0,0,0,0
ZCTA5 61046,61046,"1,134",481,117,63,3,496,33,22,5,157,30,25,16
ZCTA5 61047,61047,660,302,55,33,0,284,71,43,8,74,15,8,31
ZCTA5 61048,61048,"1,648",807,180,67,0,600,32,18,4,241,57,17,10
ZCTA5 61049,61049,194,76,10,2,0,58,0,0,0,60,16,14,6
ZCTA5 61050,61050,104,65,0,0,0,39,11,5,0,0,0,0,0
ZCTA5 61051,61051,637,235,55,19,0,290,38,10,0,112,15,12,6
ZCTA5 61052,61052,438,220,40,5,0,173,1,0,0,45,12,4,1
ZCTA5 61053,61053,"1,186",511,107,54,16,441,65,48,8,234,74,16,14
ZCTA5 61054,61054,"1,732",640,206,149,0,527,130,84,0,565,171,37,44
ZCTA5 61057,61057,16,16,0,0,0,0,0,0,0,0,0,0,0
ZCTA5 61059,61059,74,26,1,0,0,21,0,0,0,27,1,1,0
ZCTA5 61060,61060,599,326,83,12,8,195,34,11,5,78,15,2,0
ZCTA5 61061,61061,"3,036","1,031",154,82,12,"1,221",89,25,9,784,224,105,33
ZCTA5 61062,61062,686,336,120,69,0,233,24,16,5,117,31,2,33
ZCTA5 61063,61063,"1,704",796,96,43,0,641,90,23,0,267,35,0,49
ZCTA5 61064,61064,"1,660",660,117,52,0,467,58,36,0,533,130,73,86
ZCTA5 61065,61065,"3,479","2,212",479,257,0,"1,008",154,39,10,259,111,81,51
ZCTA5 61067,61067,244,86,14,0,0,129,23,2,0,29,7,5,1
ZCTA5 61068,61068,"5,860","2,210",243,83,0,"1,433",183,104,26,"2,217",902,358,106
ZCTA5 61070,61070,509,210,47,34,0,246,2,1,0,53,25,17,0
ZCTA5 61071,61071,"5,842","2,625",441,179,8,"1,748",234,103,8,"1,469",689,281,73
ZCTA5 61072,61072,"4,275","2,197",279,46,0,"1,357",129,53,0,721,307,147,51
ZCTA5 61073,61073,"7,172","4,017",684,314,14,"1,746",185,64,40,"1,409",521,150,101
ZCTA5 61074,61074,"2,040",547,164,32,6,809,144,124,46,684,301,80,98
ZCTA5 61075,61075,447,191,55,12,0,196,27,20,6,60,10,1,15
ZCTA5 61077,61077,51,51,0,0,0,0,0,0,0,0,0,0,0
ZCTA5 61078,61078,525,246,40,0,4,205,39,13,2,74,15,4,8
ZCTA5 61079,61079,98,27,6,6,0,57,7,1,0,14,0,0,3
ZCTA5 61080,61080,"4,561","1,750",338,90,0,"1,532",164,132,20,"1,279",281,192,49
ZCTA5 61081,61081,"8,926","3,431",392,174,5,"2,866",282,106,103,"2,629","1,170",506,200
ZCTA5 61084,61084,"1,269",673,157,53,0,436,27,0,0,160,11,0,33
ZCTA5 61085,61085,"1,343",660,170,23,0,370,49,12,0,313,100,43,65
ZCTA5 61087,61087,684,356,46,22,5,278,43,29,3,50,16,12,3
ZCTA5 61088,61088,"2,314","1,268",272,66,0,769,35,23,6,277,122,46,43
ZCTA5 61089,61089,252,115,25,19,8,65,17,16,0,72,19,3,3
ZCTA5 61091,61091,0,0,0,0,0,0,0,0,0,0,0,0,0
ZCTA5 61101,61101,"7,969","2,079",597,289,41,"1,956",316,140,13,"3,934","2,092","1,273",254
ZCTA5 61102,61102,"6,409","1,737",397,102,17,"2,124",440,160,27,"2,548","1,350",834,196
ZCTA5 61103,61103,"10,046","3,260",632,364,15,"1,802",167,46,12,"4,984","2,468","1,432",278
ZCTA5 61104,61104,"7,752","1,248",424,131,12,"1,624",292,20,24,"4,880","2,552","1,577",319
ZCTA5 61107,61107,"12,717","5,345",947,443,0,"3,515",276,126,43,"3,857","1,524",943,162
ZCTA5 61108,61108,"11,855","4,529","1,004",320,0,"3,264",250,90,0,"4,062","1,659",968,413
ZCTA5 61109,61109,"11,031","3,897",948,434,5,"2,995",251,124,23,"4,139","1,805",749,274
ZCTA5 61111,61111,"9,846","3,715","1,014",516,9,"2,375",273,172,18,"3,756","1,416",847,118
ZCTA5 61112,61112,47,0,0,0,0,0,0,0,0,47,47,38,0
ZCTA5 61114,61114,"6,349","2,760",624,265,0,"1,770",203,90,14,"1,819",578,299,89
ZCTA5 61115,61115,"8,427","4,723",803,272,6,"2,041",214,70,25,"1,663",626,156,65
ZCTA5 61201,61201,"15,844","5,810","1,207",393,60,"4,214",473,233,73,"5,820","2,576","1,369",699
ZCTA5 61230,61230,395,156,37,19,4,192,16,2,0,47,7,7,2
ZCTA5 61231,61231,"2,082",824,146,77,0,638,65,27,34,620,201,78,8
ZCTA5 61232,61232,680,422,114,72,0,192,10,0,0,66,20,16,14
ZCTA5 61233,61233,107,42,2,0,0,37,8,0,0,28,8,0,0
ZCTA5 61234,61234,511,216,52,22,0,187,19,6,0,108,11,4,9
ZCTA5 61235,61235,658,239,37,12,0,282,20,5,8,137,34,10,11
ZCTA5 61236,61236,17,6,3,0,0,9,2,0,0,2,0,0,0
ZCTA5 61237,61237,0,0,0,0,0,0,0,0,0,0,0,0,0
ZCTA5 61238,61238,"1,052",568,117,21,0,377,29,23,5,107,50,35,8
ZCTA5 61239,61239,485,76,25,3,0,62,23,8,3,347,197,82,18
ZCTA5 61240,61240,"2,364","1,303",220,78,0,910,64,0,0,151,23,13,15
ZCTA5 61241,61241,"2,690","1,478",182,73,0,834,107,62,13,378,17,0,0
ZCTA5 61242,61242,493,251,17,5,0,189,19,1,0,53,26,10,5
ZCTA5 61243,61243,74,52,15,0,0,11,2,0,0,11,0,0,10
ZCTA5 61244,61244,"9,202","3,408",325,91,8,"2,773",245,104,85,"3,021","1,191",720,449
ZCTA5 61250,61250,"1,204",503,40,14,0,440,59,20,0,261,57,18,108
ZCTA5 61251,61251,154,101,35,12,23,35,0,0,0,18,0,0,8
ZCTA5 61252,61252,"2,411","1,104",163,77,0,846,118,22,9,461,261,47,88
ZCTA5 61254,61254,"4,928","2,370",322,120,0,"1,673",194,67,0,885,368,158,112
ZCTA5 61256,61256,875,463,70,43,0,267,34,15,0,145,66,15,9
ZCTA5 61257,61257,358,146,33,0,0,148,17,14,2,64,34,32,0
ZCTA5 61258,61258,67,45,11,9,0,16,0,0,0,6,3,3,0
ZCTA5 61259,61259,505,252,60,0,0,235,20,9,0,18,0,0,18
ZCTA5 61260,61260,306,116,46,34,4,96,2,2,0,94,48,5,14
ZCTA5 61261,61261,305,95,28,8,0,146,8,2,0,64,19,10,23
ZCTA5 61262,61262,390,137,68,6,0,214,43,37,0,39,0,0,12
ZCTA5 61263,61263,277,137,23,18,0,79,6,3,2,61,36,12,21
ZCTA5 61264,61264,"4,673","2,029",264,70,0,"1,708",57,21,25,936,405,191,112
ZCTA5 61265,61265,"18,860","7,447","1,651",771,27,"5,079",422,231,45,"6,334","2,750","1,551",312
ZCTA5 61270,61270,"2,731","1,155",165,35,0,"1,112",155,93,0,464,89,33,88
ZCTA5 61272,61272,554,278,82,17,0,215,12,0,0,61,2,0,9
ZCTA5 61273,61273,"1,121",547,47,22,0,394,37,10,2,180,62,30,9
ZCTA5 61274,61274,91,34,10,0,0,57,9,0,0,0,0,0,0
ZCTA5 61275,61275,"1,713",932,158,60,0,516,73,43,0,265,70,40,39
ZCTA5 61276,61276,14,7,0,0,0,7,0,0,0,0,0,0,0
ZCTA5 61277,61277,"1,101",476,57,35,0,378,31,17,4,247,76,21,42
ZCTA5 61278,61278,286,121,35,23,0,151,38,35,0,14,0,0,3
ZCTA5 61279,61279,369,213,32,0,0,133,11,0,0,23,5,2,5
ZCTA5 61281,61281,"1,023",637,86,44,0,309,16,7,0,77,19,19,4
ZCTA5 61282,61282,"4,154","1,303",235,87,0,994,191,144,16,"1,857",603,112,180
ZCTA5 61283,61283,464,161,30,16,0,232,29,1,15,71,7,0,12
ZCTA5 61284,61284,854,413,84,54,0,351,14,6,0,90,0,0,9
ZCTA5 61285,61285,738,300,35,24,0,306,35,10,0,132,64,11,14
ZCTA5 61301,61301,"4,437","1,338",366,163,15,"1,582",256,202,6,"1,517",591,307,90
ZCTA5 61310,61310,"1,476",584,115,33,0,574,82,48,0,318,118,28,37
ZCTA5 61311,61311,104,54,9,0,0,33,24,8,0,17,0,0,0
ZCTA5 61312,61312,190,79,17,13,0,81,22,7,6,30,11,2,7
ZCTA5 61313,61313,129,57,2,2,0,52,5,3,0,20,9,9,11
ZCTA5 61314,61314,314,128,34,16,0,126,27,15,0,60,2,0,11
ZCTA5 61315,61315,110,16,6,6,0,49,5,3,0,45,16,14,6
ZCTA5 61316,61316,87,40,10,0,0,31,5,5,0,16,5,0,0
ZCTA5 61317,61317,225,113,21,8,0,79,6,4,0,33,21,12,0
ZCTA5 61318,61318,220,90,24,6,0,83,0,0,0,47,7,5,16
ZCTA5 61319,61319,544,283,55,33,0,206,52,36,0,55,5,5,2
ZCTA5 61320,61320,287,134,26,10,0,111,9,2,0,42,15,6,10
ZCTA5 61321,61321,98,29,12,8,0,32,0,0,0,37,5,1,31
ZCTA5 61322,61322,591,143,15,3,0,286,34,4,8,162,63,34,16
ZCTA5 61323,61323,66,35,2,0,0,20,0,0,0,11,0,0,4
ZCTA5 61324,61324,46,19,9,0,0,13,0,0,0,14,0,0,14
ZCTA5 61325,61325,433,248,58,5,0,144,12,10,4,41,10,0,20
ZCTA5 61326,61326,896,324,12,12,8,362,15,12,0,210,64,32,17
ZCTA5 61327,61327,524,257,35,26,0,198,14,4,0,69,31,9,2
ZCTA5 61328,61328,34,34,0,0,0,0,0,0,0,0,0,0,0
ZCTA5 61329,61329,539,253,31,18,0,170,17,6,13,116,29,4,3
ZCTA5 61330,61330,500,241,35,17,0,155,14,9,0,104,25,12,17
ZCTA5 61331,61331,0,0,0,0,0,0,0,0,0,0,0,0,0
ZCTA5 61332,61332,65,35,2,1,0,22,1,0,0,8,7,4,0
ZCTA5 61333,61333,101,40,11,9,0,56,9,1,0,5,0,0,2
ZCTA5 61334,61334,251,129,17,8,1,83,1,0,0,39,12,4,7
ZCTA5 61335,61335,122,48,1,0,2,52,2,0,0,22,4,0,0
ZCTA5 61336,61336,226,122,15,11,0,42,5,2,0,62,8,0,23
ZCTA5 61337,61337,202,117,16,7,0,56,3,3,1,29,4,2,10
ZCTA5 61338,61338,149,52,10,2,0,65,0,0,0,32,21,3,0
ZCTA5 61340,61340,244,103,5,0,0,80,15,4,0,61,18,12,0
ZCTA5 61341,61341,"2,882","1,355",229,85,5,817,58,29,6,710,239,80,95
ZCTA5 61342,61342,"3,450","1,260",206,51,0,"1,159",105,74,10,"1,031",306,159,97
ZCTA5 61344,61344,124,40,2,0,0,72,6,5,0,12,9,6,1
ZCTA5 61345,61345,328,135,33,18,0,163,14,6,0,30,5,4,18
ZCTA5 61346,61346,33,15,6,0,0,13,0,0,4,5,0,0,1
ZCTA5 61348,61348,"2,021",748,84,73,19,737,39,0,0,536,203,123,11
ZCTA5 61349,61349,408,196,20,10,0,152,19,14,3,60,31,11,14
ZCTA5 61350,61350,"9,748","4,581","1,100",545,0,"2,564",330,223,13,"2,603","1,065",467,152
ZCTA5 61353,61353,450,215,64,13,4,122,18,12,0,113,35,20,8
ZCTA5 61354,61354,"4,578","1,574",306,169,0,"1,875",130,68,22,"1,129",292,145,87
ZCTA5 61356,61356,"4,630","1,995",276,99,6,"1,519",290,183,36,"1,116",394,169,138
ZCTA5 61358,61358,174,69,10,6,0,91,7,0,0,14,2,0,4
ZCTA5 61359,61359,172,85,2,2,0,60,4,2,1,27,24,1,0
ZCTA5 61360,61360,"1,275",510,79,33,0,484,5,5,0,281,72,34,12
ZCTA5 61361,61361,540,288,29,5,0,159,22,6,0,93,44,30,6
ZCTA5 61362,61362,"2,388",741,97,41,0,796,81,31,8,851,211,34,75
ZCTA5 61363,61363,150,52,10,1,0,65,1,0,2,33,11,7,9
ZCTA5 61364,61364,"8,315","2,495",353,154,7,"3,175",322,186,56,"2,645",819,463,206
ZCTA5 61367,61367,328,97,25,13,0,83,6,5,2,148,42,30,3
ZCTA5 61368,61368,558,247,32,12,0,192,40,17,2,119,15,4,32
ZCTA5 61369,61369,582,228,39,24,4,239,19,7,3,115,33,12,9
ZCTA5 61370,61370,504,226,26,8,0,199,21,11,2,79,16,0,16
ZCTA5 61371,61371,27,0,0,0,0,27,0,0,0,0,0,0,0
ZCTA5 61372,61372,81,31,3,1,0,40,0,0,0,10,5,4,3
ZCTA5 61373,61373,784,413,104,14,0,304,33,10,6,67,22,15,14
ZCTA5 61374,61374,27,17,4,0,0,4,0,0,0,6,6,0,0
ZCTA5 61375,61375,498,242,38,26,0,227,4,3,2,29,7,3,1
ZCTA5 61376,61376,932,436,59,11,0,283,57,12,0,213,95,92,33
ZCTA5 61377,61377,695,196,60,38,0,304,3,3,3,195,74,42,31
ZCTA5 61378,61378,206,78,3,3,0,62,12,5,0,66,8,7,37
ZCTA5 61379,61379,589,280,56,29,0,194,10,5,0,115,53,17,0
ZCTA5 61401,61401,"13,513","4,152",859,419,11,"4,307",646,353,127,"5,054","2,493","1,513",287
ZCTA5 61402,61402,0,0,0,0,0,0,0,0,0,0,0,0,0
ZCTA5 61410,61410,"1,623",622,59,6,47,529,70,0,0,472,262,130,0
ZCTA5 61411,61411,100,52,6,6,0,26,0,0,0,22,22,0,0
ZCTA5 61412,61412,533,279,40,16,0,199,27,12,0,55,11,11,6
ZCTA5 61413,61413,442,162,11,3,0,231,15,0,0,49,21,6,3
ZCTA5 61414,61414,341,103,19,16,0,223,34,5,0,15,0,0,0
ZCTA5 61415,61415,766,261,63,38,9,392,37,5,0,113,9,2,15
ZCTA5 61416,61416,124,34,10,1,0,80,20,20,0,10,5,5,1
ZCTA5 61417,61417,81,35,0,0,0,46,0,0,14,0,0,0,0
ZCTA5 61418,61418,278,104,15,10,0,137,3,1,1,37,13,13,15
ZCTA5 61419,61419,68,19,2,2,0,38,7,2,0,11,6,0,2
ZCTA5 61420,61420,431,187,48,14,0,172,17,6,8,72,27,16,0
ZCTA5 61421,61421,522,199,87,7,0,214,14,8,4,109,30,16,8
ZCTA5 61422,61422,"1,284",456,35,0,0,435,55,39,0,393,104,60,84
ZCTA5 61423,61423,305,129,39,10,0,89,9,0,0,87,30,30,0
ZCTA5 61424,61424,9,0,0,0,0,9,0,0,0,0,0,0,0
ZCTA5 61425,61425,225,65,0,0,0,128,9,4,0,32,0,0,27
ZCTA5 61426,61426,27,9,0,0,0,18,0,0,0,0,0,0,0
ZCTA5 61427,61427,880,287,32,3,29,435,20,19,0,158,65,31,45
ZCTA5 61428,61428,486,203,39,26,0,255,21,1,2,28,3,3,6
ZCTA5 61430,61430,327,128,19,12,0,142,14,0,3,57,13,13,3
ZCTA5 61431,61431,133,62,7,4,0,60,14,10,0,11,0,0,8
ZCTA5 61432,61432,263,126,26,15,0,108,24,7,0,29,0,0,14
ZCTA5 61433,61433,9,9,9,0,0,0,0,0,0,0,0,0,0
ZCTA5 61434,61434,"1,224",468,89,40,0,505,96,44,6,251,97,50,8
ZCTA5 61435,61435,51,14,0,0,0,12,0,0,0,25,0,0,0
ZCTA5 61436,61436,359,169,15,4,0,141,3,3,0,49,10,10,23
ZCTA5 61437,61437,237,102,28,22,0,81,0,0,3,54,4,0,0
ZCTA5 61438,61438,307,116,30,0,0,157,40,34,0,34,14,5,6
ZCTA5 61439,61439,108,46,10,3,0,34,2,2,2,28,6,6,0
ZCTA5 61440,61440,318,133,28,4,0,147,10,0,8,38,30,27,0
ZCTA5 61441,61441,356,140,40,8,0,147,20,20,3,69,27,0,11
ZCTA5 61442,61442,274,94,10,3,0,138,24,3,12,42,11,3,0
ZCTA5 61443,61443,"5,870","1,758",335,111,31,"2,463",291,101,29,"1,649",625,276,217
ZCTA5 61447,61447,423,177,26,3,0,201,14,5,0,45,17,12,13
ZCTA5 61448,61448,"1,618",863,110,47,77,549,42,11,11,206,148,88,8
ZCTA5 61449,61449,185,77,16,10,0,97,16,0,2,11,0,0,4
ZCTA5 61450,61450,758,291,38,9,0,320,51,35,5,147,24,24,13
ZCTA5 61451,61451,87,53,28,0,0,15,12,12,0,19,11,11,0
ZCTA5 61452,61452,90,40,19,19,0,44,17,16,0,6,0,0,0
ZCTA5 61453,61453,281,98,7,2,0,128,9,8,0,55,22,2,0
ZCTA5 61454,61454,180,52,13,0,0,95,3,3,0,33,12,5,5
ZCTA5 61455,61455,"7,583","2,105",457,220,18,"1,881",147,84,2,"3,597","1,779","1,268",221
ZCTA5 61458,61458,321,91,15,13,0,167,26,2,0,63,0,0,11
ZCTA5 61459,61459,126,47,10,8,0,78,0,0,3,1,0,0,0
ZCTA5 61460,61460,60,33,8,2,0,21,2,2,0,6,0,0,3
ZCTA5 61462,61462,"4,184","1,708",312,129,42,"1,495",163,105,0,981,218,23,134
ZCTA5 61465,61465,531,207,41,15,0,265,13,0,0,59,26,12,10
ZCTA5 61466,61466,115,77,12,10,0,38,0,0,0,0,0,0,0
ZCTA5 61467,61467,436,205,52,0,0,157,22,2,0,74,17,12,3
ZCTA5 61468,61468,58,58,18,18,0,0,0,0,0,0,0,0,0
ZCTA5 61469,61469,879,267,32,16,0,525,52,21,0,87,37,6,3
ZCTA5 61470,61470,202,114,44,27,0,66,20,11,0,22,2,0,9
ZCTA5 61471,61471,51,27,2,2,0,20,0,0,0,4,4,4,0
ZCTA5 61472,61472,182,103,25,11,0,60,5,0,0,19,8,5,0
ZCTA5 61473,61473,555,180,19,0,0,212,8,8,0,163,27,6,50
ZCTA5 61474,61474,124,33,6,2,0,68,14,0,0,23,0,0,23
ZCTA5 61475,61475,114,44,8,0,0,57,0,0,0,13,0,0,0
ZCTA5 61476,61476,246,95,20,7,0,128,2,2,0,23,3,0,9
ZCTA5 61477,61477,200,42,1,1,0,155,29,17,0,3,0,0,3
ZCTA5 61478,61478,142,114,0,0,0,28,0,0,0,0,0,0,0
ZCTA5 61479,61479,32,14,5,5,0,18,0,0,0,0,0,0,0
ZCTA5 61480,61480,516,212,46,39,0,184,11,0,0,120,32,18,31
ZCTA5 61482,61482,219,79,17,9,2,110,8,7,0,30,13,10,12
ZCTA5 61483,61483,756,330,50,13,0,263,17,10,0,163,71,59,9
ZCTA5 61484,61484,328,115,22,0,0,152,34,0,0,61,9,0,21
ZCTA5 61485,61485,135,57,12,7,0,65,2,1,0,13,6,5,3
ZCTA5 61486,61486,588,357,101,32,0,179,23,16,11,52,10,4,0
ZCTA5 61488,61488,544,228,31,2,6,212,10,5,3,104,24,0,13
ZCTA5 61489,61489,299,149,32,18,0,135,4,2,0,15,3,0,4
ZCTA5 61490,61490,490,182,46,46,2,187,20,9,0,121,18,4,24
ZCTA5 61491,61491,983,345,57,13,0,401,57,26,7,237,82,17,57
ZCTA5 61501,61501,743,281,29,11,10,293,61,37,3,169,17,11,3
ZCTA5 61516,61516,304,187,24,5,0,109,2,0,0,8,2,2,1
ZCTA5 61517,61517,"1,152",528,111,84,0,448,47,21,25,176,13,11,0
ZCTA5 61519,61519,101,32,9,3,0,42,1,0,0,27,19,5,0
ZCTA5 61520,61520,"6,496","2,367",465,142,15,"2,374",283,67,1,"1,755",718,229,245
ZCTA5 61523,61523,"4,430","2,260",271,44,0,"1,430",151,52,0,740,336,64,39
ZCTA5 61524,61524,154,76,15,14,0,68,1,0,0,10,1,0,3
ZCTA5 61525,61525,"4,054","2,674",399,128,15,921,61,26,0,459,149,41,20
ZCTA5 61526,61526,332,145,11,0,0,178,24,0,0,9,0,0,0
ZCTA5 61528,61528,"1,098",739,99,13,0,294,0,0,15,65,24,24,21
ZCTA5 61529,61529,"1,039",476,49,26,0,342,12,5,0,221,113,73,8
ZCTA5 61530,61530,"2,584",882,218,166,0,925,38,0,13,777,340,31,78
ZCTA5 61531,61531,"1,222",522,147,8,4,458,16,9,0,242,76,44,54
ZCTA5 61532,61532,194,54,11,2,0,85,21,17,0,55,40,2,5
ZCTA5 61533,61533,912,484,139,37,0,292,37,0,9,136,76,59,20
ZCTA5 61534,61534,719,331,84,12,0,219,27,0,21,169,16,10,6
ZCTA5 61535,61535,650,478,41,16,0,160,22,0,0,12,0,0,12
ZCTA5 61536,61536,"1,566",740,135,21,0,521,31,22,14,305,135,77,44
ZCTA5 61537,61537,"1,100",353,61,40,0,438,41,16,8,309,73,28,34
ZCTA5 61539,61539,67,27,3,2,0,22,1,0,2,18,0,0,9
ZCTA5 61540,61540,"1,175",463,47,13,0,501,32,12,16,211,91,52,6
ZCTA5 61541,61541,61,25,3,3,0,17,4,4,0,19,11,0,0
ZCTA5 61542,61542,"1,547",706,150,96,0,474,22,1,9,367,87,24,61
ZCTA5 61543,61543,42,9,3,2,0,19,0,0,0,14,5,2,9
ZCTA5 61544,61544,292,131,25,14,0,115,10,4,0,46,15,8,10
ZCTA5 61545,61545,358,218,119,4,19,121,22,13,19,19,11,8,4
ZCTA5 61546,61546,"1,571",811,123,48,0,571,40,18,5,189,65,51,45
ZCTA5 61547,61547,"1,390",883,129,18,0,470,31,20,36,37,11,3,5
ZCTA5 61548,61548,"4,498","2,335",337,222,0,"1,787",93,46,3,376,137,40,54
ZCTA5 61550,61550,"7,438","3,104",536,213,11,"2,851",415,124,33,"1,483",479,299,159
ZCTA5 61552,61552,78,10,10,0,0,68,9,0,0,0,0,0,0
ZCTA5 61553,61553,92,34,1,1,0,44,10,3,0,14,0,0,3
ZCTA5 61554,61554,"17,298","7,674","1,568",612,55,"4,693",392,213,71,"4,931","1,642",725,321
ZCTA5 61559,61559,"1,438",651,226,28,0,574,55,13,15,213,128,103,4
ZCTA5 61560,61560,324,132,29,9,11,172,13,13,10,20,17,17,0
ZCTA5 61561,61561,906,419,65,22,13,306,71,20,0,181,17,16,65
ZCTA5 61562,61562,22,0,0,0,0,22,0,0,0,0,0,0,0
ZCTA5 61563,61563,243,106,24,15,0,125,17,5,0,12,2,2,4
ZCTA5 61564,61564,377,165,9,1,0,139,12,8,0,73,24,17,6
ZCTA5 61565,61565,573,256,72,26,0,217,44,36,0,100,9,1,42
ZCTA5 61567,61567,247,112,39,5,0,93,5,0,0,42,25,5,9
ZCTA5 61568,61568,"1,705",701,142,27,0,573,40,21,0,431,139,40,0
ZCTA5 61569,61569,434,220,14,14,0,168,9,9,41,46,35,0,0
ZCTA5 61570,61570,671,314,79,26,0,227,20,1,0,130,23,6,11
ZCTA5 61571,61571,"9,690","4,900",808,372,0,"2,887",300,111,0,"1,903",773,485,204
ZCTA5 61572,61572,403,174,31,11,2,160,7,5,2,69,19,2,1
ZCTA5 61602,61602,694,45,16,0,0,74,10,0,16,575,249,166,138
ZCTA5 61603,61603,"6,801","1,878",616,304,0,"1,749",403,165,4,"3,174","1,574",964,205
ZCTA5 61604,61604,"11,964","4,817","1,176",604,30,"3,333",392,209,147,"3,814","1,703",952,393
ZCTA5 61605,61605,"5,867",828,283,101,15,"1,472",294,145,81,"3,567","1,738","1,176",454
ZCTA5 61606,61606,"2,502",707,177,96,0,351,29,0,0,"1,444",946,716,58
ZCTA5 61607,61607,"4,526","2,188",399,136,0,"1,686",185,59,8,652,223,90,81
ZCTA5 61610,61610,"2,242",951,264,152,0,886,0,0,32,405,114,73,15
ZCTA5 61611,61611,"10,108","4,796",998,386,28,"3,190",264,134,51,"2,122","1,034",666,159
ZCTA5 61614,61614,"13,044","5,246","1,410",513,0,"3,261",381,83,23,"4,537","1,972","1,110",251
ZCTA5 61615,61615,"10,825","4,009",547,216,14,"2,577",223,62,13,"4,239","1,242",743,318
ZCTA5 61616,61616,"2,832",892,165,84,0,956,120,55,9,984,248,189,55
ZCTA5 61625,61625,14,0,0,0,0,0,0,0,0,14,14,14,0
ZCTA5 61701,61701,"16,281","5,806","1,046",401,147,"3,412",254,80,149,"7,063","2,614","1,403",811
ZCTA5 61704,61704,"15,573","6,215","1,049",426,53,"4,096",467,255,79,"5,262","1,351",531,343
ZCTA5 61705,61705,"5,067","2,819",604,310,9,"1,248",83,74,12,"1,000",492,310,219
ZCTA5 61720,61720,116,68,8,4,3,31,2,1,0,17,6,6,9
ZCTA5 61721,61721,212,59,13,6,0,135,6,2,4,18,1,0,1
ZCTA5 61722,61722,232,82,7,3,0,106,13,5,5,44,9,5,8
ZCTA5 61723,61723,951,479,74,20,0,289,28,17,0,183,19,2,44
ZCTA5 61724,61724,178,108,7,1,0,58,2,2,1,12,3,3,3
ZCTA5 61725,61725,574,341,18,6,0,194,19,14,0,39,6,3,4
ZCTA5 61726,61726,"1,072",454,52,22,20,338,65,34,11,280,26,9,27
ZCTA5 61727,61727,"4,020","1,546",269,179,0,"1,265",185,131,0,"1,209",260,93,111
ZCTA5 61728,61728,492,251,36,14,1,145,11,0,0,96,11,6,8
ZCTA5 61729,61729,382,216,61,28,0,113,27,16,0,53,5,1,3
ZCTA5 61730,61730,147,77,9,0,0,20,0,0,1,50,27,0,3
ZCTA5 61731,61731,57,18,7,7,0,28,4,0,0,11,0,0,0
ZCTA5 61732,61732,779,511,111,6,5,182,33,6,0,86,60,24,13
ZCTA5 61733,61733,390,204,46,27,0,112,3,2,0,74,12,12,3
ZCTA5 61734,61734,962,469,100,52,0,318,24,15,9,175,37,9,34
ZCTA5 61735,61735,155,101,17,10,0,47,1,1,0,7,0,0,1
ZCTA5 61736,61736,963,466,93,7,0,380,106,49,4,117,24,7,33
ZCTA5 61737,61737,177,116,12,4,9,43,7,3,0,18,9,1,8
ZCTA5 61738,61738,"1,596",842,128,52,0,462,39,27,27,292,116,57,22
ZCTA5 61739,61739,"1,847",730,77,0,0,578,65,14,22,539,181,53,48
ZCTA5 61740,61740,579,227,49,22,0,279,29,11,0,73,26,10,21
ZCTA5 61741,61741,647,338,3,3,0,210,42,31,6,99,15,5,8
ZCTA5 61742,61742,523,270,46,25,0,205,43,38,0,48,8,0,0
ZCTA5 61743,61743,64,22,0,0,0,23,0,0,0,19,2,2,0
ZCTA5 61744,61744,783,326,71,4,14,279,27,12,0,178,39,11,35
ZCTA5 61745,61745,"1,584",804,122,38,50,544,55,17,4,236,43,4,19
ZCTA5 61747,61747,594,349,88,58,0,118,9,0,0,127,58,55,19
ZCTA5 61748,61748,958,573,22,10,0,372,25,3,0,13,7,0,0
ZCTA5 61749,61749,358,92,5,2,1,229,0,0,3,37,14,6,21
ZCTA5 61750,61750,40,4,0,0,0,0,0,0,0,36,28,0,0
ZCTA5 61751,61751,32,17,0,0,0,15,0,0,4,0,0,0,0
ZCTA5 61752,61752,"1,788","1,121",258,53,25,389,18,5,4,278,65,12,15
ZCTA5 61753,61753,"1,242",522,87,53,0,560,22,18,0,160,39,0,8
ZCTA5 61754,61754,447,229,36,13,0,144,5,2,0,74,18,18,1
ZCTA5 61755,61755,"1,808","1,025",153,83,0,480,49,26,0,303,77,44,29
ZCTA5 61756,61756,956,479,51,23,3,271,6,6,0,206,66,31,13
ZCTA5 61759,61759,506,267,61,13,0,172,30,21,0,67,34,9,0
ZCTA5 61760,61760,969,340,86,31,0,315,14,0,12,314,57,30,24
ZCTA5 61761,61761,"19,933","7,060","1,005",377,18,"3,986",377,128,71,"8,887","4,079","2,535","1,353"
ZCTA5 61764,61764,"5,556","2,194",561,242,0,"1,623",137,83,9,"1,739",513,193,140
ZCTA5 61769,61769,239,128,25,7,1,103,6,3,0,8,4,0,1
ZCTA5 61770,61770,381,167,47,38,9,136,17,17,0,78,18,0,16
ZCTA5 61771,61771,348,205,42,7,2,128,16,2,0,15,5,5,2
ZCTA5 61772,61772,59,25,0,0,0,18,0,0,0,16,6,6,0
ZCTA5 61773,61773,126,62,13,7,0,37,3,2,0,27,16,6,5
ZCTA5 61774,61774,340,156,19,6,0,133,19,9,9,51,2,2,2
ZCTA5 61775,61775,125,31,3,3,0,77,49,0,0,17,9,7,1
ZCTA5 61776,61776,485,285,21,17,0,151,16,7,0,49,7,3,30
ZCTA5 61777,61777,405,155,7,2,0,183,12,1,0,67,6,0,2
ZCTA5 61778,61778,215,91,18,16,0,113,14,6,0,11,7,0,4
ZCTA5 61801,61801,"11,200","1,846",189,82,83,"1,572",98,27,6,"7,782","3,856","2,529","1,040"
ZCTA5 61802,61802,"9,228","2,610",617,294,0,"2,534",355,241,27,"4,084","1,944",853,194
ZCTA5 61810,61810,98,29,5,0,0,47,4,2,0,22,7,3,8
ZCTA5 61811,61811,286,102,31,8,0,126,20,0,0,58,8,0,3
ZCTA5 61812,61812,102,47,14,0,0,49,2,2,0,6,0,0,0
ZCTA5 61813,61813,741,310,47,9,0,294,19,10,3,137,15,11,21
ZCTA5 61814,61814,518,153,27,0,0,292,16,14,0,73,37,22,15
ZCTA5 61815,61815,130,37,10,6,0,54,5,4,0,39,15,0,0
ZCTA5 61816,61816,150,53,13,9,0,72,3,2,0,25,12,12,6
ZCTA5 61817,61817,"1,122",493,70,49,7,341,36,9,5,288,111,10,10
ZCTA5 61818,61818,625,297,36,27,3,211,13,10,0,117,20,7,51
ZCTA5 61820,61820,"15,379","1,708",296,93,0,"1,374",163,100,22,"12,297","6,098","4,345","2,067"
ZCTA5 61821,61821,"12,433","4,810",850,435,0,"2,887",293,165,9,"4,736","2,276",999,356
ZCTA5 61822,61822,"11,394","4,730",950,392,0,"3,051",197,131,17,"3,613","1,092",671,211
ZCTA5 61830,61830,179,52,14,2,0,87,6,2,0,40,22,1,12
ZCTA5 61831,61831,96,24,9,6,2,72,5,0,2,0,0,0,0
ZCTA5 61832,61832,"13,757","2,963",655,279,28,"5,147",517,321,55,"5,647","2,253","1,079",422
ZCTA5 61833,61833,924,279,62,8,0,363,61,31,0,282,94,62,20
ZCTA5 61834,61834,"2,523",954,185,90,5,"1,228",85,18,10,341,91,52,55
ZCTA5 61839,61839,245,125,26,10,0,61,5,4,0,59,30,9,0
ZCTA5 61840,61840,221,82,0,0,0,129,9,0,0,10,0,0,10
ZCTA5 61841,61841,464,188,26,7,0,210,20,0,0,66,18,12,13
ZCTA5 61842,61842,"1,018",529,84,47,0,372,64,18,0,117,43,38,11
ZCTA5 61843,61843,746,411,59,12,0,255,0,0,4,80,16,9,0
ZCTA5 61844,61844,397,193,46,10,0,161,18,2,0,43,22,16,11
ZCTA5 61845,61845,104,37,1,1,0,37,1,1,0,30,0,0,28
ZCTA5 61846,61846,"1,889",581,93,43,23,823,116,23,13,485,119,28,51
ZCTA5 61847,61847,497,250,32,10,0,188,16,0,11,59,7,0,25
ZCTA5 61848,61848,91,39,3,0,0,32,0,0,0,20,10,0,5
ZCTA5 61849,61849,748,374,83,23,13,270,13,2,0,104,55,41,0
ZCTA5 61850,61850,177,77,22,0,0,90,8,2,0,10,2,0,2
ZCTA5 61851,61851,148,66,26,18,0,67,4,1,1,15,2,0,5
ZCTA5 61852,61852,94,5,0,0,0,84,1,0,1,5,0,0,1
ZCTA5 61853,61853,"5,008","2,997",331,105,0,"1,199",178,34,21,812,380,195,111
ZCTA5 61854,61854,581,243,29,5,5,242,6,0,0,96,27,12,26
ZCTA5 61855,61855,30,19,13,8,0,8,4,0,0,3,0,0,0
ZCTA5 61856,61856,"3,329","1,789",439,119,15,"1,085",119,28,0,455,229,139,22
ZCTA5 61857,61857,70,25,8,0,0,41,0,0,0,4,4,0,0
ZCTA5 61858,61858,"1,147",345,77,43,0,531,69,54,0,271,111,64,53
ZCTA5 61859,61859,449,215,16,4,0,196,12,9,0,38,17,3,0
ZCTA5 61862,61862,201,81,15,8,2,93,5,0,0,27,0,0,6
ZCTA5 61863,61863,332,212,28,11,0,93,5,2,2,27,9,5,5
ZCTA5 61864,61864,553,345,46,28,0,141,10,0,0,67,3,0,9
ZCTA5 61865,61865,459,167,22,8,0,235,17,5,3,57,13,8,8
ZCTA5 61866,61866,"5,458","1,701",560,406,7,"1,106",181,145,8,"2,651","1,009",306,81
ZCTA5 61870,61870,485,137,14,1,0,239,33,8,4,109,37,15,1
ZCTA5 61871,61871,138,52,8,2,0,64,0,0,0,22,4,0,1
ZCTA5 61872,61872,276,106,27,4,2,155,19,13,0,15,7,0,3
ZCTA5 61873,61873,"2,209","1,150",195,90,5,745,108,94,0,314,86,19,38
ZCTA5 61874,61874,"3,414","1,317",138,28,13,656,69,34,0,"1,441",523,308,24
ZCTA5 61875,61875,329,175,12,12,0,94,3,0,0,60,17,17,0
ZCTA5 61876,61876,290,115,11,9,0,151,25,4,0,24,8,6,8
ZCTA5 61877,61877,442,238,22,8,2,147,10,2,0,57,15,10,12
ZCTA5 61878,61878,522,235,28,10,0,194,39,17,3,93,19,8,12
ZCTA5 61880,61880,"1,780",729,23,0,0,628,18,0,0,423,215,33,8
ZCTA5 61882,61882,266,117,16,9,0,115,11,10,1,34,3,0,17
ZCTA5 61883,61883,"1,907",583,81,45,0,770,96,29,12,554,96,61,59
ZCTA5 61884,61884,452,298,57,0,0,135,10,10,0,19,0,0,0
ZCTA5 61910,61910,"1,532",661,144,22,0,530,47,35,7,341,135,33,61
ZCTA5 61911,61911,"1,719",496,57,25,0,792,127,75,0,431,63,29,88
ZCTA5 61912,61912,548,208,24,5,0,269,47,8,0,71,38,10,0
ZCTA5 61913,61913,546,222,49,8,3,245,11,3,7,79,51,13,2
ZCTA5 61914,61914,822,346,62,20,0,288,97,41,0,188,39,5,28
ZCTA5 61917,61917,180,58,13,0,0,114,7,1,0,8,1,0,7
ZCTA5 61919,61919,307,161,39,25,0,105,5,4,1,41,5,5,9
ZCTA5 61920,61920,"8,625","2,268",393,77,0,"2,326",370,207,43,"4,031","1,945","1,101",162
ZCTA5 61924,61924,822,285,16,13,0,288,31,4,7,249,63,16,26
ZCTA5 61925,61925,437,156,6,0,32,182,0,0,0,99,11,11,6
ZCTA5 61928,61928,296,68,12,10,0,160,24,9,3,68,0,0,1
ZCTA5 61929,61929,329,139,21,2,0,136,20,16,0,54,10,5,8
ZCTA5 61930,61930,270,98,22,5,0,151,9,1,0,21,5,4,5
ZCTA5 61931,61931,474,161,6,2,0,202,3,1,2,111,34,30,2
ZCTA5 61932,61932,241,62,3,1,0,102,13,12,0,77,7,7,13
ZCTA5 61933,61933,469,170,32,13,0,156,11,5,0,143,45,3,18
ZCTA5 61936,61936,53,13,0,0,0,32,10,10,0,8,0,0,0
ZCTA5 61937,61937,749,292,35,27,0,230,6,6,3,227,80,49,25
ZCTA5 61938,61938,"9,330","3,010",527,125,11,"2,700",448,234,36,"3,620","1,128",391,289
ZCTA5 61940,61940,126,21,4,4,0,61,0,0,0,44,0,0,1
ZCTA5 61941,61941,61,0,0,0,0,61,0,0,0,0,0,0,0
ZCTA5 61942,61942,480,188,36,17,0,245,11,4,3,47,9,6,14
ZCTA5 61943,61943,726,253,15,5,5,322,22,3,6,151,50,7,44
ZCTA5 61944,61944,"5,512","1,979",315,77,53,"2,008",215,101,0,"1,525",420,120,154
ZCTA5 61949,61949,75,37,4,2,0,30,2,2,0,8,5,1,0
ZCTA5 61951,61951,"2,993","1,189",160,45,0,"1,243",69,16,0,561,218,72,40
ZCTA5 61953,61953,"2,735","1,314",193,36,0,799,164,92,0,622,147,103,28
ZCTA5 61955,61955,65,22,6,6,0,34,6,0,2,9,2,2,0
ZCTA5 61956,61956,"1,277",628,85,11,19,369,41,24,0,280,125,79,9
ZCTA5 61957,61957,760,336,73,17,7,298,5,0,0,126,21,3,13
ZCTA5 62001,62001,661,317,103,58,0,224,17,1,0,120,31,19,32
ZCTA5 62002,62002,"13,023","4,919","1,239",437,55,"3,334",553,372,31,"4,770","2,174","1,034",431
ZCTA5 62006,62006,147,61,3,1,0,83,2,2,0,3,1,0,0
ZCTA5 62009,62009,737,254,33,19,30,258,22,9,0,225,98,45,13
ZCTA5 62010,62010,"4,712","2,455",314,146,0,"1,333",114,21,12,924,425,162,29
ZCTA5 62011,62011,114,18,13,13,0,96,5,0,0,0,0,0,0
ZCTA5 62012,62012,"2,287","1,183",162,45,0,885,78,37,0,219,83,78,49
ZCTA5 62013,62013,140,50,16,5,0,60,6,1,0,30,0,0,6
ZCTA5 62014,62014,"1,319",714,139,70,5,405,37,37,0,200,42,7,33
ZCTA5 62015,62015,237,113,8,8,0,82,39,37,2,42,1,0,30
ZCTA5 62016,62016,"1,503",485,108,13,0,552,76,15,0,466,115,76,139
ZCTA5 62017,62017,479,168,27,4,2,244,27,25,14,67,24,10,4
ZCTA5 62018,62018,"1,183",357,57,16,6,462,109,36,0,364,226,87,23
ZCTA5 62019,62019,143,34,3,0,0,76,25,24,9,33,2,2,24
ZCTA5 62021,62021,410,260,23,7,0,145,17,0,0,5,5,5,0
ZCTA5 62022,62022,369,126,39,11,0,152,10,10,0,91,0,0,10
ZCTA5 62023,62023,44,25,4,2,0,19,3,0,0,0,0,0,0
ZCTA5 62024,62024,"4,219","1,991",245,73,44,"1,234",143,111,188,994,408,170,82
ZCTA5 62025,62025,"13,435","6,750","1,008",326,0,"3,302",406,315,11,"3,383","1,464",969,211
ZCTA5 62026,62026,0,0,0,0,0,0,0,0,0,0,0,0,0
ZCTA5 62027,62027,228,76,16,5,0,104,0,0,0,48,8,3,30
ZCTA5 62028,62028,288,91,24,17,0,56,10,5,0,141,48,14,54
ZCTA5 62030,62030,25,9,0,0,0,10,4,0,0,6,6,3,0
ZCTA5 62031,62031,242,121,18,8,0,106,15,2,0,15,0,0,5
ZCTA5 62032,62032,323,85,4,0,0,170,2,0,0,68,36,36,10
ZCTA5 62033,62033,"1,767",701,74,3,0,557,83,62,10,509,80,35,92
ZCTA5 62034,62034,"6,065","2,700",408,152,0,"1,354",117,24,8,"2,011",736,122,145
ZCTA5 62035,62035,"6,627","3,074",410,124,0,"2,547",292,154,23,"1,006",416,208,126
ZCTA5 62036,62036,201,91,15,8,0,97,1,0,0,13,0,0,9
ZCTA5 62037,62037,734,292,71,40,0,303,31,15,3,139,20,8,80
ZCTA5 62040,62040,"16,895","6,931","1,291",505,75,"5,598","1,014",458,127,"4,366","1,738","1,017",468
ZCTA5 62044,62044,680,270,18,9,0,248,19,3,0,162,58,22,21
ZCTA5 62045,62045,141,50,6,0,0,87,9,0,0,4,0,0,4
ZCTA5 62046,62046,359,172,9,5,0,111,8,0,0,76,16,13,0
ZCTA5 62047,62047,437,132,12,4,0,247,13,9,0,58,17,0,10
ZCTA5 62048,62048,680,217,52,8,0,346,36,3,2,117,73,54,6
ZCTA5 62049,62049,"2,664","1,038",185,107,0,956,152,147,0,670,236,68,98
ZCTA5 62050,62050,115,47,0,0,0,57,4,4,0,11,2,0,6
ZCTA5 62051,62051,301,99,62,24,0,144,23,5,6,58,18,10,27
ZCTA5 62052,62052,"4,880","2,044",397,93,26,"1,530",79,22,19,"1,306",444,237,84
ZCTA5 62053,62053,94,36,7,0,0,39,5,1,0,19,4,4,3
ZCTA5 62054,62054,133,42,5,3,0,68,1,1,0,23,7,3,7
ZCTA5 62056,62056,"3,738","1,490",139,63,49,"1,225",168,47,16,"1,023",513,214,95
ZCTA5 62058,62058,352,147,23,3,0,116,15,2,0,89,43,10,6
ZCTA5 62059,62059,275,38,21,21,0,90,10,0,0,147,82,71,6
ZCTA5 62060,62060,"1,618",277,113,67,11,473,88,22,14,868,453,287,70
ZCTA5 62061,62061,567,259,52,6,0,228,32,32,0,80,20,5,0
ZCTA5 62062,62062,"3,564","2,227",290,164,13,837,83,0,0,500,142,26,0
ZCTA5 62063,62063,344,73,20,2,0,231,114,78,0,40,15,15,16
ZCTA5 62067,62067,822,447,117,79,0,287,38,16,5,88,36,23,17
ZCTA5 62069,62069,"1,391",503,67,33,0,608,93,53,9,280,92,30,107
ZCTA5 62074,62074,467,268,68,5,0,164,12,3,0,35,12,3,12
ZCTA5 62075,62075,"1,280",435,94,26,2,582,39,23,17,263,81,29,55
ZCTA5 62076,62076,53,14,2,2,0,39,10,10,0,0,0,0,0
ZCTA5 62077,62077,149,50,0,0,0,78,6,2,5,21,2,2,1
ZCTA5 62078,62078,26,7,1,1,0,16,0,0,5,3,0,0,3
ZCTA5 62079,62079,102,81,0,0,0,0,0,0,0,21,0,0,0
ZCTA5 62080,62080,"1,019",357,33,16,0,515,66,22,0,147,60,5,75
ZCTA5 62081,62081,92,37,1,0,3,53,0,0,0,2,1,1,0
ZCTA5 62082,62082,984,365,60,34,0,516,45,29,32,103,49,31,4
ZCTA5 62083,62083,104,34,24,8,0,70,60,0,0,0,0,0,0
ZCTA5 62084,62084,727,348,55,36,0,191,8,3,0,188,74,23,19
ZCTA5 62085,62085,88,50,12,2,0,35,0,0,2,3,0,0,0
ZCTA5 62086,62086,497,223,29,5,0,237,34,8,7,37,3,0,20
ZCTA5 62087,62087,826,258,42,22,0,317,54,43,0,251,102,36,41
ZCTA5 62088,62088,"2,802","1,166",327,49,25,"1,130",91,26,31,506,217,157,27
ZCTA5 62089,62089,275,100,14,2,0,119,5,0,2,56,11,0,11
ZCTA5 62090,62090,442,36,3,0,4,139,10,3,0,267,124,54,31
ZCTA5 62091,62091,113,47,15,15,0,65,8,1,0,1,1,1,0
ZCTA5 62092,62092,917,267,73,24,0,422,67,30,5,228,25,12,84
ZCTA5 62093,62093,179,72,14,11,2,50,0,0,0,57,45,33,0
ZCTA5 62094,62094,420,106,31,12,0,214,15,5,2,100,14,2,11
ZCTA5 62095,62095,"4,669","2,127",279,123,3,"1,131",156,72,0,"1,411",619,344,49
ZCTA5 62097,62097,"1,068",667,149,14,0,285,53,40,0,116,72,65,6
ZCTA5 62098,62098,14,0,0,0,0,14,0,0,0,0,0,0,0
ZCTA5 62201,62201,"2,297",223,66,16,0,738,182,0,0,"1,336",459,260,179
ZCTA5 62203,62203,"1,875",348,184,79,0,988,149,123,19,539,246,214,88
ZCTA5 62204,62204,"1,978",523,273,214,0,840,200,49,91,615,322,139,98
ZCTA5 62205,62205,"2,282",334,167,37,11,"1,147",231,25,0,801,430,304,70
ZCTA5 62206,62206,"4,858","1,382",448,244,0,"1,418",237,3,0,"2,058","1,111",709,199
ZCTA5 62207,62207,"2,649",252,105,15,0,855,151,37,7,"1,542",608,235,90
ZCTA5 62208,62208,"7,271","2,851",673,290,0,"1,821",200,132,0,"2,599",814,534,104
ZCTA5 62214,62214,440,246,27,2,0,157,8,0,6,37,2,2,24
ZCTA5 62215,62215,794,471,60,11,0,181,4,3,0,142,34,14,13
ZCTA5 62216,62216,"1,053",608,84,30,0,266,45,26,0,179,42,9,13
ZCTA5 62217,62217,282,100,12,2,0,146,7,1,0,36,25,16,6
ZCTA5 62218,62218,770,394,65,11,0,323,64,54,7,53,5,3,18
ZCTA5 62219,62219,444,198,55,20,12,133,14,7,0,113,15,1,7
ZCTA5 62220,62220,"7,881","3,017",506,201,0,"2,205",277,132,48,"2,659","1,255",821,185
ZCTA5 62221,62221,"11,896","5,384","1,029",435,186,"2,519",311,127,0,"3,993","1,332",493,241
ZCTA5 62223,62223,"7,174","3,534",827,353,10,"1,942",257,221,58,"1,698",987,565,157
ZCTA5 62225,62225,"1,555",0,0,0,0,29,0,0,0,"1,526",352,58,156
ZCTA5 62226,62226,"11,743","4,610","1,078",410,0,"3,089",303,101,51,"4,044","1,499",746,233
ZCTA5 62230,62230,"2,703","1,392",186,75,0,805,120,26,0,506,164,106,37
ZCTA5 62231,62231,"2,737","1,201",167,64,0,"1,058",90,56,0,478,158,32,65
ZCTA5 62232,62232,"2,818","1,486",233,81,0,637,110,60,0,695,203,90,13
ZCTA5 62233,62233,"2,544",949,78,36,7,"1,018",42,22,16,577,130,69,72
ZCTA5 62234,62234,"14,028","5,766","1,173",498,11,"4,052",491,334,75,"4,210","1,861",870,252
ZCTA5 62236,62236,"5,505","2,967",386,87,8,"1,712",177,75,22,826,394,173,48
ZCTA5 62237,62237,"1,051",426,110,69,0,555,85,83,5,70,26,2,11
ZCTA5 62238,62238,206,74,13,6,0,90,10,6,0,42,13,4,21
ZCTA5 62239,62239,"1,761",485,58,14,0,585,79,0,0,691,275,103,7
ZCTA5 62240,62240,601,253,32,24,0,223,49,43,1,125,1,1,60
ZCTA5 62241,62241,366,88,9,2,0,249,7,2,0,29,7,0,1
ZCTA5 62242,62242,766,270,43,17,5,369,25,11,0,127,29,10,37
ZCTA5 62243,62243,"2,401","1,236",251,100,0,784,306,76,0,381,215,94,53
ZCTA5 62244,62244,430,225,12,0,0,122,21,6,0,83,36,9,14
ZCTA5 62245,62245,733,299,36,19,2,352,16,3,5,82,17,7,2
ZCTA5 62246,62246,"3,621","1,351",264,61,0,"1,094",54,23,3,"1,176",418,286,213
ZCTA5 62248,62248,227,116,8,3,0,53,1,0,0,58,2,0,1
ZCTA5 62249,62249,"7,052","3,640",560,170,0,"2,027",282,137,28,"1,385",460,162,40
ZCTA5 62250,62250,207,71,1,1,0,118,5,4,2,18,5,1,7
ZCTA5 62253,62253,328,139,22,17,0,122,18,5,0,67,19,7,7
ZCTA5 62254,62254,"2,374","1,018",171,32,0,622,53,32,0,734,210,39,25
ZCTA5 62255,62255,487,126,26,2,0,292,56,54,1,69,30,19,8
ZCTA5 62256,62256,12,5,1,0,0,4,0,0,0,3,0,0,0
ZCTA5 62257,62257,870,357,49,17,0,305,59,13,6,208,80,17,54
ZCTA5 62258,62258,"3,617","1,662",335,102,0,883,141,70,0,"1,072",451,154,83
ZCTA5 62260,62260,"2,800","1,542",337,111,15,864,83,18,0,394,153,93,14
ZCTA5 62261,62261,31,0,0,0,0,31,0,0,0,0,0,0,0
ZCTA5 62262,62262,771,297,54,30,4,353,19,19,40,121,28,14,13
ZCTA5 62263,62263,"2,103",873,209,52,0,746,56,22,0,484,106,35,18
ZCTA5 62264,62264,"1,303",610,120,67,0,402,77,21,0,291,204,30,38
ZCTA5 62265,62265,"1,773",631,173,53,0,511,46,20,0,631,320,176,0
ZCTA5 62266,62266,29,0,0,0,0,29,0,0,0,0,0,0,0
ZCTA5 62268,62268,392,144,29,10,0,190,12,3,0,58,28,0,14
ZCTA5 62269,62269,"13,872","7,478","1,372",466,11,"2,519",227,115,0,"3,875","1,580",951,181
ZCTA5 62271,62271,754,270,49,25,0,341,36,8,0,143,41,17,27
ZCTA5 62272,62272,695,185,37,10,0,270,13,13,0,240,37,24,63
ZCTA5 62273,62273,129,44,7,1,0,44,5,2,2,41,16,10,18
ZCTA5 62274,62274,"2,745","1,261",150,54,0,"1,030",107,87,0,454,217,70,135
ZCTA5 62275,62275,"1,071",530,128,48,1,334,37,10,5,207,20,11,53
ZCTA5 62277,62277,378,175,40,8,0,139,0,0,2,64,12,10,4
ZCTA5 62278,62278,"2,591","1,141",118,43,0,954,74,34,0,496,157,79,10
ZCTA5 62279,62279,26,21,0,0,0,5,0,0,0,0,0,0,0
ZCTA5 62280,62280,171,75,13,13,0,52,0,0,0,44,0,0,1
ZCTA5 62281,62281,"1,066",719,131,13,0,249,29,25,0,98,65,24,3
ZCTA5 62282,62282,272,136,6,2,0,95,8,5,0,41,14,14,0
ZCTA5 62284,62284,263,93,7,1,0,138,36,5,21,32,0,0,18
ZCTA5 62285,62285,"1,665",996,123,50,0,501,73,55,0,168,168,83,0
ZCTA5 62286,62286,"2,321",887,175,36,11,706,61,39,0,728,403,96,25
ZCTA5 62288,62288,"1,160",401,29,15,4,504,34,34,0,255,67,52,54
ZCTA5 62289,62289,185,76,10,7,0,75,22,2,0,34,20,14,3
ZCTA5 62292,62292,318,70,20,4,0,125,20,5,4,123,49,22,26
ZCTA5 62293,62293,"1,853",829,112,48,0,687,33,0,30,337,120,73,42
ZCTA5 62294,62294,"5,736","3,007",519,130,0,"1,323",81,31,8,"1,406",430,175,36
ZCTA5 62295,62295,515,280,49,17,2,124,9,0,0,111,31,10,7
ZCTA5 62297,62297,155,29,6,0,0,100,0,0,0,26,20,0,0
ZCTA5 62298,62298,"7,124","3,535",627,234,0,"2,468",276,65,20,"1,121",463,144,35
ZCTA5 62301,62301,"13,855","5,145",969,404,14,"3,212",379,263,92,"5,498","2,191","1,157",365
ZCTA5 62305,62305,"7,933","3,272",339,87,39,"3,404",233,128,71,"1,257",421,155,107
ZCTA5 62311,62311,403,155,11,5,8,167,11,7,9,81,24,24,14
ZCTA5 62312,62312,634,226,49,23,0,240,14,9,5,168,60,31,43
ZCTA5 62313,62313,158,57,1,0,0,80,7,0,0,21,0,0,6
ZCTA5 62314,62314,213,55,6,1,0,99,8,5,0,59,1,1,4
ZCTA5 62316,62316,309,145,15,2,0,108,6,4,2,56,11,1,1
ZCTA5 62319,62319,90,12,0,0,0,74,17,12,0,4,0,0,4
ZCTA5 62320,62320,885,395,83,62,0,308,6,3,6,182,45,20,10
ZCTA5 62321,62321,"1,597",644,61,61,0,577,30,16,11,376,78,24,34
ZCTA5 62323,62323,111,58,12,0,0,40,5,5,0,13,5,5,5
ZCTA5 62324,62324,511,197,11,4,4,204,13,5,0,110,9,9,8
ZCTA5 62325,62325,210,104,3,3,0,69,19,16,0,37,0,0,4
ZCTA5 62326,62326,965,422,103,10,0,342,70,26,9,201,69,40,37
ZCTA5 62330,62330,715,251,46,33,0,359,48,12,18,105,25,4,28
ZCTA5 62334,62334,87,23,6,6,0,48,8,8,6,16,6,5,1
ZCTA5 62336,62336,47,19,2,0,0,25,3,0,0,3,0,0,0
ZCTA5 62338,62338,475,307,38,26,0,147,10,0,0,21,0,0,0
ZCTA5 62339,62339,438,145,42,18,0,207,19,17,0,86,25,18,21
ZCTA5 62340,62340,700,180,70,66,0,275,11,11,14,245,81,74,81
ZCTA5 62341,62341,"1,450",469,43,24,0,644,71,15,0,337,178,56,0
ZCTA5 62343,62343,318,103,20,2,0,162,13,2,11,53,7,0,16
ZCTA5 62344,62344,30,0,0,0,0,22,0,0,0,8,0,0,8
ZCTA5 62345,62345,119,30,5,5,0,62,1,0,0,27,12,12,8
ZCTA5 62346,62346,64,29,0,0,0,32,0,0,2,3,0,0,3
ZCTA5 62347,62347,782,367,60,1,0,348,11,9,0,67,24,24,20
ZCTA5 62348,62348,79,22,2,0,0,40,5,5,0,17,0,0,1
ZCTA5 62349,62349,299,110,3,0,0,131,2,1,0,58,5,5,14
ZCTA5 62351,62351,767,435,43,7,0,241,32,15,4,91,36,19,8
ZCTA5 62352,62352,75,44,2,0,0,18,2,0,0,13,6,0,5
ZCTA5 62353,62353,"1,415",495,116,66,0,452,16,0,0,468,158,17,20
ZCTA5 62354,62354,532,177,58,26,0,279,27,16,0,76,40,20,15
ZCTA5 62355,62355,255,112,46,27,0,121,14,12,4,22,1,1,9
ZCTA5 62356,62356,194,75,21,2,0,75,15,5,1,44,20,7,8
ZCTA5 62357,62357,71,13,1,0,0,22,2,2,0,36,26,12,10
ZCTA5 62358,62358,189,68,4,0,0,111,34,34,0,10,0,0,0
ZCTA5 62359,62359,24,16,0,0,0,8,0,0,0,0,0,0,0
ZCTA5 62360,62360,665,220,22,17,0,373,14,2,2,72,15,5,22
ZCTA5 62361,62361,120,54,14,14,0,57,2,2,0,9,1,1,8
ZCTA5 62362,62362,148,40,10,8,0,78,18,13,1,30,4,1,12
ZCTA5 62363,62363,"2,393","1,025",183,51,0,916,128,46,10,452,147,109,22
ZCTA5 62365,62365,195,67,15,0,0,119,18,16,0,9,5,2,2
ZCTA5 62366,62366,456,233,59,26,2,140,4,4,0,83,26,12,24
ZCTA5 62367,62367,630,287,12,8,0,247,32,12,5,96,24,2,54
ZCTA5 62370,62370,118,45,6,0,0,58,19,0,0,15,0,0,8
ZCTA5 62373,62373,107,23,12,7,0,80,0,0,0,4,0,0,4
ZCTA5 62374,62374,133,72,5,1,0,38,2,2,0,23,0,0,0
ZCTA5 62375,62375,232,94,3,2,0,129,23,0,2,9,4,4,4
ZCTA5 62376,62376,524,225,39,12,0,217,70,62,0,82,43,20,6
ZCTA5 62378,62378,366,213,40,34,0,97,10,8,3,56,3,0,12
ZCTA5 62379,62379,816,263,36,18,0,403,38,25,0,150,38,33,25
ZCTA5 62380,62380,165,28,0,0,1,111,6,4,0,26,0,0,15
ZCTA5 62401,62401,"7,943","3,294",552,143,7,"2,647",263,110,0,"2,002",512,173,114
ZCTA5 62410,62410,449,178,19,9,3,250,19,10,0,21,7,6,10
ZCTA5 62411,62411,"1,753",732,138,80,0,720,119,70,0,301,101,55,19
ZCTA5 62413,62413,172,77,9,0,0,95,17,6,0,0,0,0,0
ZCTA5 62414,62414,684,226,74,21,0,268,70,11,0,190,41,14,53
ZCTA5 62417,62417,979,418,85,24,0,332,19,4,23,229,66,23,17
ZCTA5 62418,62418,705,212,65,7,0,349,36,23,0,144,48,19,24
ZCTA5 62419,62419,111,33,1,0,0,65,0,0,0,13,0,0,7
ZCTA5 62420,62420,"1,884",910,153,104,0,664,154,67,0,310,134,68,5
ZCTA5 62421,62421,191,40,4,1,0,132,6,5,0,19,3,3,2
ZCTA5 62422,62422,406,103,27,11,0,192,18,10,5,111,42,20,35
ZCTA5 62423,62423,248,141,22,22,0,83,0,0,45,24,15,0,0
ZCTA5 62424,62424,848,415,91,26,0,273,19,10,6,160,59,14,22
ZCTA5 62425,62425,264,104,9,0,0,160,19,5,0,0,0,0,0
ZCTA5 62426,62426,400,182,50,6,0,155,16,4,0,63,14,12,11
ZCTA5 62427,62427,734,252,41,23,0,432,49,3,9,50,0,0,19
ZCTA5 62428,62428,"1,175",488,57,12,2,525,48,21,0,162,34,18,45
ZCTA5 62431,62431,332,118,20,4,0,187,25,8,0,27,0,0,17
ZCTA5 62432,62432,232,146,8,0,0,81,17,5,7,5,0,0,0
ZCTA5 62433,62433,468,243,8,6,2,116,9,9,0,109,31,30,38
ZCTA5 62434,62434,153,20,0,0,0,123,58,58,9,10,0,0,10
ZCTA5 62436,62436,311,87,15,6,0,209,51,41,11,15,6,0,0
ZCTA5 62438,62438,97,0,0,0,0,86,0,0,0,11,0,0,11
ZCTA5 62439,62439,"2,962",813,140,64,0,"1,211",117,52,15,938,294,40,108
ZCTA5 62440,62440,498,257,50,12,0,215,90,15,7,26,4,2,0
ZCTA5 62441,62441,"2,999","1,293",226,76,0,"1,092",49,27,38,614,262,78,24
ZCTA5 62442,62442,"1,086",445,55,11,3,440,29,2,0,201,96,57,19
ZCTA5 62443,62443,684,308,25,15,0,323,115,36,1,53,14,11,21
ZCTA5 62444,62444,196,50,7,4,0,146,28,25,0,0,0,0,0
ZCTA5 62445,62445,391,148,25,14,0,217,30,17,0,26,5,5,0
ZCTA5 62446,62446,124,36,1,1,0,80,17,8,0,8,5,0,0
ZCTA5 62447,62447,"1,249",493,46,3,34,553,49,49,0,203,82,43,3
ZCTA5 62448,62448,"2,311",750,119,64,0,"1,075",124,81,0,486,129,53,84
ZCTA5 62449,62449,"1,289",451,130,53,3,530,102,74,10,308,62,14,80
ZCTA5 62450,62450,"5,061","1,655",209,60,2,"1,847",151,63,4,"1,559",457,203,373
ZCTA5 62451,62451,837,336,61,26,2,351,26,10,24,150,33,21,21
ZCTA5 62452,62452,142,67,9,9,0,69,4,0,0,6,0,0,3
ZCTA5 62454,62454,"3,943","1,828",237,144,19,"1,317",158,73,0,798,189,84,107
ZCTA5 62458,62458,826,302,66,16,5,408,129,43,6,116,23,11,39
ZCTA5 62459,62459,93,46,7,2,0,38,2,2,2,9,1,0,2
ZCTA5 62460,62460,364,111,40,39,0,183,22,5,4,70,17,15,23
ZCTA5 62461,62461,296,108,20,0,0,162,0,0,0,26,16,0,3
ZCTA5 62462,62462,403,168,17,5,0,188,6,5,2,47,2,0,1
ZCTA5 62463,62463,486,167,35,0,0,248,14,4,2,71,20,15,5
ZCTA5 62464,62464,85,21,0,0,0,19,0,0,0,45,0,0,0
ZCTA5 62465,62465,331,136,35,8,0,162,40,5,0,33,2,0,8
ZCTA5 62466,62466,"1,094",408,34,16,22,580,58,53,0,106,23,9,36
ZCTA5 62467,62467,"1,491",579,47,26,0,658,75,11,0,254,87,8,15
ZCTA5 62468,62468,947,329,50,7,0,417,57,17,0,201,36,26,61
ZCTA5 62469,62469,116,35,0,0,0,29,10,10,0,52,0,0,10
ZCTA5 62471,62471,"3,636","1,296",222,60,0,"1,416",138,36,157,924,295,160,170
ZCTA5 62473,62473,482,165,40,31,8,221,27,20,2,96,10,8,17
ZCTA5 62474,62474,314,85,10,0,0,212,10,2,3,17,2,0,8
ZCTA5 62475,62475,85,47,0,0,0,38,0,0,0,0,0,0,0
ZCTA5 62476,62476,563,207,18,3,6,289,29,15,9,67,6,0,26
ZCTA5 62477,62477,313,64,0,0,0,190,56,0,0,59,59,45,0
ZCTA5 62478,62478,120,80,14,6,0,24,0,0,0,16,16,0,0
ZCTA5 62479,62479,310,108,45,27,0,120,15,2,3,82,0,0,32
ZCTA5 62480,62480,261,90,16,7,0,137,9,2,0,34,2,1,32
ZCTA5 62481,62481,128,44,2,0,1,60,0,0,5,24,0,0,24
ZCTA5 62501,62501,934,368,49,5,0,506,43,24,0,60,0,0,5
ZCTA5 62510,62510,746,219,19,1,0,204,21,13,0,323,30,27,128
ZCTA5 62512,62512,193,79,17,0,0,64,17,4,0,50,25,0,0
ZCTA5 62513,62513,619,322,29,10,5,209,16,7,0,88,22,0,29
ZCTA5 62514,62514,163,48,0,0,0,61,0,0,0,54,0,0,0
ZCTA5 62515,62515,429,163,31,14,0,169,47,3,0,97,24,11,30
ZCTA5 62517,62517,76,44,3,0,0,8,3,0,0,24,13,0,4
ZCTA5 62518,62518,140,72,44,0,0,60,0,0,22,8,0,0,8
ZCTA5 62519,62519,26,26,0,0,0,0,0,0,0,0,0,0,0
ZCTA5 62520,62520,594,280,39,26,7,260,18,16,0,54,12,10,3
ZCTA5 62521,62521,"14,003","5,293","1,116",457,22,"5,098",452,185,37,"3,612","1,239",611,546
ZCTA5 62522,62522,"6,002","1,915",433,217,25,"1,995",211,142,2,"2,092",908,381,405
ZCTA5 62523,62523,288,28,0,0,0,0,0,0,0,260,78,10,0
ZCTA5 62526,62526,"14,183","4,259","1,025",284,16,"4,019",239,121,168,"5,905","1,822","1,034",884
ZCTA5 62530,62530,642,298,55,34,3,223,20,11,0,121,33,12,50
ZCTA5 62531,62531,697,307,18,14,0,237,25,3,0,153,53,24,9
ZCTA5 62532,62532,23,15,7,0,0,8,0,0,0,0,0,0,0
ZCTA5 62533,62533,402,183,16,4,6,134,5,3,7,85,33,20,4
ZCTA5 62534,62534,465,166,48,25,0,217,22,7,0,82,14,3,15
ZCTA5 62535,62535,"1,346",705,153,90,0,538,13,13,10,103,43,0,0
ZCTA5 62536,62536,376,174,38,38,0,178,0,0,0,24,0,0,0
ZCTA5 62537,62537,102,67,0,0,0,24,3,0,0,11,0,0,0
ZCTA5 62538,62538,165,64,11,11,0,69,0,0,0,32,2,2,6
ZCTA5 62539,62539,535,201,31,10,0,263,7,1,0,71,8,8,22
ZCTA5 62540,62540,619,224,22,19,0,263,37,18,0,132,21,18,68
ZCTA5 62541,62541,25,25,0,0,0,0,0,0,0,0,0,0,0
ZCTA5 62543,62543,193,73,12,11,0,82,9,4,5,38,2,0,1
ZCTA5 62544,62544,684,331,45,12,0,265,16,10,0,88,34,22,10
ZCTA5 62545,62545,572,302,30,15,5,232,32,23,3,38,20,15,0
ZCTA5 62546,62546,586,252,51,15,8,269,21,3,4,65,12,4,17
ZCTA5 62547,62547,264,138,43,0,9,109,19,3,3,17,1,0,0
ZCTA5 62548,62548,906,449,79,23,0,333,36,23,31,124,21,3,32
ZCTA5 62549,62549,"2,419","1,404",106,60,0,671,52,14,0,344,47,0,15
ZCTA5 62550,62550,"1,154",525,77,27,0,355,40,10,4,274,53,46,44
ZCTA5 62551,62551,324,151,12,4,0,118,3,1,0,55,14,14,0
ZCTA5 62553,62553,137,68,4,0,0,59,0,0,1,10,4,2,2
ZCTA5 62554,62554,660,400,90,15,0,202,5,2,0,58,21,5,0
ZCTA5 62555,62555,537,248,32,3,7,197,15,15,0,92,0,0,0
ZCTA5 62556,62556,143,70,43,15,0,59,9,4,0,14,3,3,1
ZCTA5 62557,62557,"2,827",953,293,155,12,"1,111",137,74,24,763,234,17,150
ZCTA5 62558,62558,"1,483",707,174,48,0,517,151,53,4,259,58,11,42
ZCTA5 62560,62560,577,238,49,18,0,185,28,24,2,154,43,16,21
ZCTA5 62561,62561,"2,208",915,291,195,0,649,29,29,0,644,280,46,0
ZCTA5 62563,62563,"2,053","1,222",235,68,0,758,87,59,6,73,23,11,17
ZCTA5 62565,62565,"3,272","1,089",254,158,0,"1,189",55,19,18,994,326,161,17
ZCTA5 62567,62567,379,129,24,7,8,175,21,11,7,75,25,12,3
ZCTA5 62568,62568,"6,233","2,544",459,167,80,"1,878",228,119,60,"1,811",751,487,157
ZCTA5 62570,62570,242,175,17,12,0,44,7,0,0,23,4,4,2
ZCTA5 62571,62571,576,92,34,4,0,355,48,15,0,129,40,34,25
ZCTA5 62572,62572,186,73,6,5,0,76,15,13,0,37,2,2,23
ZCTA5 62573,62573,454,168,14,7,10,169,10,6,2,117,39,13,16
ZCTA5 62601,62601,134,81,23,10,0,48,15,0,0,5,0,0,5
ZCTA5 62610,62610,68,23,8,7,0,34,4,0,0,11,0,0,5
ZCTA5 62611,62611,462,208,47,12,0,218,31,30,2,36,1,0,21
ZCTA5 62612,62612,670,311,57,12,18,245,28,13,0,114,3,3,74
ZCTA5 62613,62613,"1,504",751,61,17,0,484,32,27,18,269,126,44,15
ZCTA5 62615,62615,"1,889","1,080",143,0,0,499,52,35,0,310,149,115,20
ZCTA5 62617,62617,285,102,20,11,0,157,17,8,1,26,2,2,16
ZCTA5 62618,62618,"2,709",953,189,47,20,910,126,80,1,846,158,44,40
ZCTA5 62621,62621,465,165,10,9,0,211,25,2,0,89,26,5,7
ZCTA5 62622,62622,28,20,0,0,0,8,0,0,0,0,0,0,0
ZCTA5 62624,62624,139,64,39,16,0,63,1,0,0,12,11,0,0
ZCTA5 62625,62625,349,159,22,0,0,128,1,0,0,62,25,0,15
ZCTA5 62626,62626,"3,057","1,075",148,28,0,"1,048",146,61,0,934,372,275,65
ZCTA5 62627,62627,431,164,41,0,0,197,26,24,0,70,32,15,16
ZCTA5 62628,62628,338,141,16,10,0,155,4,2,0,42,7,0,8
ZCTA5 62629,62629,"5,924","3,356",356,42,71,"1,428",180,38,30,"1,140",304,56,115
ZCTA5 62630,62630,298,92,4,2,0,202,21,13,1,4,0,0,2
ZCTA5 62631,62631,110,51,13,7,0,57,4,3,0,2,2,0,0
ZCTA5 62633,62633,284,132,66,9,1,116,0,0,0,36,13,7,10
ZCTA5 62634,62634,474,252,24,7,0,118,2,1,0,104,24,3,13
ZCTA5 62635,62635,272,81,6,2,0,120,12,5,0,71,20,14,3
ZCTA5 62638,62638,496,179,39,5,0,206,10,2,0,111,13,0,12
ZCTA5 62639,62639,122,29,0,0,0,52,0,0,0,41,37,0,0
ZCTA5 62640,62640,"1,197",493,92,55,0,353,21,10,9,351,109,56,48
ZCTA5 62642,62642,585,222,19,13,0,264,27,0,5,99,31,20,26
ZCTA5 62643,62643,297,86,1,0,0,89,2,0,9,122,29,12,45
ZCTA5 62644,62644,"2,048",554,129,51,0,"1,032",161,41,28,462,114,108,64
ZCTA5 62649,62649,165,39,13,5,0,94,4,0,0,32,4,0,1
ZCTA5 62650,62650,"9,802","3,915",777,376,0,"2,689",321,121,15,"3,198","1,026",364,137
ZCTA5 62655,62655,230,81,22,18,0,109,20,1,0,40,10,10,5
ZCTA5 62656,62656,"7,114","2,597",345,98,24,"1,888",233,143,0,"2,629","1,075",607,214
ZCTA5 62661,62661,521,218,54,2,0,221,47,21,0,82,38,3,8
ZCTA5 62663,62663,81,37,7,0,0,40,1,0,1,4,2,0,0
ZCTA5 62664,62664,"1,283",486,70,54,0,562,68,18,0,235,108,43,60
ZCTA5 62665,62665,558,169,43,15,0,249,28,22,0,140,54,25,16
ZCTA5 62666,62666,203,83,17,11,0,65,7,4,0,55,20,14,12
ZCTA5 62667,62667,235,51,4,0,0,149,13,0,0,35,2,0,6
ZCTA5 62668,62668,485,239,69,33,9,195,46,7,3,51,12,4,0
ZCTA5 62670,62670,"1,078",509,83,43,2,304,40,28,0,265,105,36,36
ZCTA5 62671,62671,195,66,3,3,0,91,5,1,0,38,4,4,12
ZCTA5 62672,62672,59,13,5,3,0,43,5,3,0,3,0,0,0
ZCTA5 62673,62673,226,117,46,20,0,79,3,2,0,30,9,1,5
ZCTA5 62674,62674,503,155,20,9,13,243,31,1,2,105,26,14,44
ZCTA5 62675,62675,"2,585","1,136",185,52,0,823,45,45,27,626,292,70,93
ZCTA5 62677,62677,826,393,29,9,0,343,42,1,2,90,28,5,5
ZCTA5 62681,62681,"2,137",807,144,10,0,864,98,55,14,466,74,24,10
ZCTA5 62682,62682,282,150,24,11,0,86,13,11,0,46,19,16,1
ZCTA5 62684,62684,"1,952","1,201",121,62,8,599,34,11,0,152,30,8,0
ZCTA5 62685,62685,597,221,55,22,6,295,19,15,11,81,7,5,10
ZCTA5 62688,62688,342,183,36,4,0,124,13,8,0,35,0,0,20
ZCTA5 62689,62689,261,125,18,9,0,116,4,4,0,20,4,2,0
ZCTA5 62690,62690,"1,489",529,48,6,0,582,15,10,0,378,85,37,127
ZCTA5 62691,62691,"1,059",374,69,31,0,397,28,17,0,288,69,49,18
ZCTA5 62692,62692,875,447,170,36,0,298,10,10,5,130,28,6,35
ZCTA5 62693,62693,775,441,88,50,0,245,17,6,0,89,7,7,2
ZCTA5 62694,62694,"1,271",413,51,27,0,545,113,17,0,313,53,24,40
ZCTA5 62695,62695,210,105,11,1,0,92,2,0,0,13,6,1,2
ZCTA5 62701,62701,624,0,0,0,0,12,0,0,0,612,173,93,24
ZCTA5 62702,62702,"14,487","4,943",965,448,64,"4,382",461,117,90,"5,162","2,314","1,132",471
ZCTA5 62703,62703,"12,368","3,530",741,323,22,"3,379",363,156,138,"5,459","2,563","1,583",675
ZCTA5 62704,62704,"18,720","7,133","1,526",708,5,"4,424",454,205,67,"7,163","2,668","1,591",314
ZCTA5 62706,62706,0,0,0,0,0,0,0,0,0,0,0,0,0
ZCTA5 62707,62707,"3,496","1,731",316,170,28,"1,306",38,25,0,459,138,56,58
ZCTA5 62711,62711,"7,551","3,902",718,251,0,"2,092",130,93,0,"1,557",508,245,117
ZCTA5 62712,62712,"4,563","2,084",297,105,27,"1,743",120,48,0,736,218,88,48
ZCTA5 62801,62801,"7,876","2,476",515,198,5,"3,091",301,152,6,"2,309","1,094",624,197
ZCTA5 62803,62803,384,109,25,13,0,136,47,25,0,139,6,6,123
ZCTA5 62806,62806,"1,385",464,72,21,0,612,76,40,0,309,127,37,14
ZCTA5 62807,62807,358,136,2,2,1,178,7,4,1,44,14,3,13
ZCTA5 62808,62808,641,208,39,23,0,302,19,9,0,131,21,13,46
ZCTA5 62809,62809,95,43,29,0,0,46,2,0,0,6,3,0,3
ZCTA5 62810,62810,467,155,22,3,0,204,28,6,0,108,17,13,15
ZCTA5 62811,62811,127,30,6,6,0,71,22,16,0,26,12,12,4
ZCTA5 62812,62812,"4,796","1,570",332,68,3,"1,876",274,213,0,"1,350",562,330,150
ZCTA5 62814,62814,690,316,88,30,0,271,24,15,0,103,57,41,9
ZCTA5 62815,62815,135,47,4,0,0,35,8,4,0,53,4,0,16
ZCTA5 62816,62816,537,184,39,19,0,272,33,10,0,81,22,16,43
ZCTA5 62817,62817,278,44,32,4,0,187,6,4,0,47,3,2,38
ZCTA5 62818,62818,173,31,6,6,0,104,5,0,0,38,9,7,17
ZCTA5 62819,62819,127,36,6,5,0,67,5,1,0,24,11,6,3
ZCTA5 62820,62820,64,28,25,21,2,36,2,2,0,0,0,0,0
ZCTA5 62821,62821,"2,993",924,150,105,0,"1,301",274,161,0,768,287,215,186
ZCTA5 62822,62822,"1,233",280,35,0,2,602,52,29,0,351,89,62,36
ZCTA5 62823,62823,758,287,41,11,0,339,54,26,8,132,18,8,36
ZCTA5 62824,62824,654,224,52,49,6,312,53,40,8,118,25,16,52
ZCTA5 62825,62825,117,23,7,2,0,80,0,0,0,14,0,0,12
ZCTA5 62827,62827,474,165,44,31,0,179,0,0,0,130,45,7,20
ZCTA5 62828,62828,628,158,21,10,0,349,43,5,0,121,9,7,44
ZCTA5 62829,62829,48,40,0,0,0,0,0,0,0,8,0,0,8
ZCTA5 62830,62830,596,217,36,13,2,249,11,5,0,130,48,25,34
ZCTA5 62831,62831,164,70,25,2,0,83,2,0,0,11,1,1,10
ZCTA5 62832,62832,"3,703","1,096",150,46,0,"1,583",100,48,19,"1,024",393,129,230
ZCTA5 62833,62833,115,21,0,0,0,83,17,0,0,11,0,0,0
ZCTA5 62835,62835,538,106,12,3,0,367,67,32,10,65,6,4,6
ZCTA5 62836,62836,317,100,21,19,0,176,3,0,0,41,5,5,8
ZCTA5 62837,62837,"3,716","1,409",328,163,0,"1,366",156,87,10,941,375,217,125
ZCTA5 62838,62838,563,166,19,4,0,313,19,5,7,84,41,2,32
ZCTA5 62839,62839,"2,686","1,129",408,94,0,"1,082",189,0,0,475,97,31,10
ZCTA5 62841,62841,50,10,0,0,0,31,4,4,0,9,0,0,1
ZCTA5 62842,62842,290,107,20,19,0,148,20,9,0,35,23,20,1
ZCTA5 62843,62843,62,7,2,2,0,18,15,15,0,37,0,0,37
ZCTA5 62844,62844,805,280,83,60,4,281,23,23,7,244,44,24,32
ZCTA5 62846,62846,308,82,16,7,0,134,18,0,0,92,24,9,22
ZCTA5 62848,62848,234,121,12,10,0,75,5,1,0,38,16,10,8
ZCTA5 62849,62849,722,307,62,32,0,341,38,14,3,74,28,7,6
ZCTA5 62850,62850,105,68,41,38,0,22,0,0,0,15,0,0,9
ZCTA5 62851,62851,104,51,4,2,0,53,9,9,0,0,0,0,0
ZCTA5 62852,62852,62,21,0,0,0,33,1,1,0,8,0,0,6
ZCTA5 62853,62853,359,118,13,5,0,180,19,10,0,61,15,6,10
ZCTA5 62854,62854,712,422,110,61,0,201,48,41,2,89,42,18,15
ZCTA5 62856,62856,136,35,2,2,0,91,9,4,0,10,0,0,3
ZCTA5 62858,62858,"1,295",445,70,42,0,495,47,17,10,355,71,49,58
ZCTA5 62859,62859,"2,192",576,88,34,0,"1,079",159,0,6,537,102,11,69
ZCTA5 62860,62860,185,83,21,18,0,81,7,3,2,21,8,8,2
ZCTA5 62861,62861,38,10,0,0,0,28,5,0,0,0,0,0,0
ZCTA5 62862,62862,129,27,7,4,0,89,8,4,0,13,2,2,1
ZCTA5 62863,62863,"4,069","1,313",356,169,0,"1,654",122,45,11,"1,102",338,263,190
ZCTA5 62864,62864,"9,725","3,169",522,244,9,"3,246",341,189,30,"3,310","1,194",580,318
ZCTA5 62865,62865,968,225,130,21,0,625,35,35,0,118,18,0,27
ZCTA5 62867,62867,197,54,2,0,8,89,17,9,0,54,14,6,14
ZCTA5 62868,62868,663,268,72,3,0,297,82,38,0,98,27,17,36
ZCTA5 62869,62869,"1,050",333,49,7,0,498,74,32,0,219,54,0,73
ZCTA5 62870,62870,899,407,105,5,0,288,33,14,2,204,49,30,23
ZCTA5 62871,62871,259,69,0,0,0,159,26,26,0,31,16,10,4
ZCTA5 62872,62872,401,185,78,38,0,184,42,15,0,32,15,15,15
ZCTA5 62874,62874,193,51,14,12,0,99,9,8,2,43,10,8,28
ZCTA5 62875,62875,424,194,59,18,4,180,11,8,2,50,16,11,7
ZCTA5 62876,62876,71,20,3,0,0,42,12,6,0,9,2,2,1
ZCTA5 62877,62877,186,70,17,9,0,98,17,1,0,18,3,1,9
ZCTA5 62878,62878,115,39,0,0,0,68,10,0,0,8,0,0,8
ZCTA5 62879,62879,9,0,0,0,0,9,0,0,0,0,0,0,0
ZCTA5 62880,62880,292,73,34,1,0,178,14,3,0,41,2,0,29
ZCTA5 62881,62881,"4,671","1,879",402,199,0,"1,478",113,64,35,"1,314",374,139,161
ZCTA5 62882,62882,857,308,77,65,15,343,30,5,2,206,70,20,55
ZCTA5 62883,62883,219,99,19,4,0,104,7,7,0,16,0,0,16
ZCTA5 62884,62884,"1,045",339,39,4,0,512,21,12,0,194,79,69,0
ZCTA5 62885,62885,227,54,5,5,0,142,18,12,5,31,11,11,16
ZCTA5 62886,62886,168,24,12,0,0,126,12,7,0,18,0,0,4
ZCTA5 62887,62887,64,8,4,4,0,45,26,2,1,11,2,1,8
ZCTA5 62888,62888,772,334,63,24,0,351,26,2,0,87,20,8,16
ZCTA5 62889,62889,416,190,45,20,0,143,41,19,1,83,5,0,76
ZCTA5 62890,62890,926,221,37,19,0,507,66,20,22,198,53,37,77
ZCTA5 62891,62891,297,95,33,31,0,166,15,8,0,36,10,10,24
ZCTA5 62892,62892,95,27,5,1,0,59,7,4,13,9,2,2,1
ZCTA5 62893,62893,372,147,33,6,0,150,9,9,2,75,14,5,24
ZCTA5 62894,62894,355,125,15,7,0,185,28,23,0,45,8,0,8
ZCTA5 62895,62895,912,301,48,22,0,440,72,43,8,171,23,14,20
ZCTA5 62896,62896,"4,604","1,531",415,204,31,"1,795",301,259,30,"1,278",517,214,187
ZCTA5 62897,62897,204,56,4,2,3,102,28,0,0,46,31,16,7
ZCTA5 62898,62898,779,324,43,14,0,354,42,27,0,101,9,9,23
ZCTA5 62899,62899,620,268,56,15,2,255,24,0,0,97,13,7,26
ZCTA5 62901,62901,"10,296","1,420",254,72,0,"1,730",244,82,54,"7,146","3,494","2,266",451
ZCTA5 62902,62902,"1,955",560,126,47,0,814,102,17,17,581,203,107,52
ZCTA5 62903,62903,"1,125",266,75,17,0,206,23,15,0,653,341,187,59
ZCTA5 62905,62905,298,105,29,11,2,130,10,7,4,63,0,0,23
ZCTA5 62906,62906,"2,982",901,300,48,0,"1,137",100,82,23,944,409,139,64
ZCTA5 62907,62907,686,326,99,40,0,278,31,19,0,82,14,1,25
ZCTA5 62908,62908,147,44,8,2,0,92,16,10,0,11,0,0,10
ZCTA5 62910,62910,763,251,27,19,0,389,25,10,0,123,24,13,49
ZCTA5 62912,62912,530,131,26,2,4,337,33,31,43,62,23,19,6
ZCTA5 62914,62914,663,128,79,72,0,312,62,45,0,223,39,6,41
ZCTA5 62915,62915,238,26,2,0,0,82,12,0,0,130,57,37,37
ZCTA5 62916,62916,307,142,31,8,0,124,9,6,0,41,9,3,8
ZCTA5 62917,62917,"1,047",380,47,19,0,469,80,54,4,198,75,57,44
ZCTA5 62918,62918,"4,598","1,977",168,83,22,"1,144",194,155,3,"1,477",432,233,73
ZCTA5 62919,62919,297,73,4,4,0,175,2,0,0,49,13,12,5
ZCTA5 62920,62920,"1,200",455,123,27,0,613,120,31,0,132,88,25,11
ZCTA5 62921,62921,100,23,6,6,0,53,13,6,3,24,7,7,3
ZCTA5 62922,62922,"1,107",436,76,37,0,517,66,24,9,154,34,31,46
ZCTA5 62923,62923,115,31,2,0,0,66,16,7,0,18,2,2,4
ZCTA5 62924,62924,"1,279",319,37,1,0,416,38,14,15,544,139,63,39
ZCTA5 62926,62926,834,270,62,37,0,336,66,14,0,228,54,5,61
ZCTA5 62927,62927,137,35,11,10,0,96,14,5,5,6,0,0,3
ZCTA5 62928,62928,35,0,0,0,0,26,5,0,0,9,0,0,2
ZCTA5 62930,62930,"2,612",784,122,66,0,"1,220",81,59,21,608,225,98,131
ZCTA5 62931,62931,601,139,31,2,0,341,61,25,0,121,3,0,14
ZCTA5 62932,62932,529,135,16,15,0,225,16,9,0,169,73,29,11
ZCTA5 62933,62933,513,164,2,0,0,246,13,10,0,103,47,18,16
ZCTA5 62934,62934,318,101,4,2,3,173,21,6,3,44,12,0,19
ZCTA5 62935,62935,862,327,96,24,0,383,22,6,1,152,33,5,25
ZCTA5 62938,62938,990,343,51,15,0,512,48,22,20,135,24,4,44
ZCTA5 62939,62939,"1,235",477,97,48,0,657,44,17,0,101,24,4,11
ZCTA5 62940,62940,204,13,3,0,0,96,12,7,0,95,8,3,14
ZCTA5 62941,62941,256,93,25,2,0,114,20,13,0,49,12,12,13
ZCTA5 62942,62942,274,79,50,0,0,116,15,14,2,79,25,11,39
ZCTA5 62943,62943,131,37,11,0,0,79,0,0,0,15,0,0,15
ZCTA5 62946,62946,"4,919","1,570",259,58,0,"1,844",113,59,23,"1,505",576,390,273
ZCTA5 62947,62947,213,13,8,0,0,185,34,10,0,15,0,0,11
ZCTA5 62948,62948,"5,644","2,013",299,171,0,"1,596",107,65,28,"2,035",939,272,145
ZCTA5 62949,62949,366,57,15,8,0,145,22,22,0,164,57,15,20
ZCTA5 62950,62950,68,20,11,11,0,39,0,0,0,9,0,0,0
ZCTA5 62951,62951,"2,500","1,163",166,7,0,912,117,78,0,425,272,114,39
ZCTA5 62952,62952,"1,210",466,77,70,1,494,54,51,7,250,96,55,63
ZCTA5 62953,62953,86,17,5,0,0,31,1,0,0,38,6,3,17
ZCTA5 62954,62954,221,71,0,0,0,129,23,5,2,21,2,2,4
ZCTA5 62956,62956,417,83,23,7,6,286,16,9,20,48,17,14,17
ZCTA5 62957,62957,209,55,9,8,0,104,11,11,11,50,20,7,12
ZCTA5 62958,62958,888,317,109,32,0,362,31,7,42,209,82,61,12
ZCTA5 62959,62959,"11,692","4,801",980,415,1,"3,463",399,246,18,"3,428","1,409",693,218
ZCTA5 62960,62960,"4,356","1,706",353,125,0,"1,665",175,93,0,985,475,132,103
ZCTA5 62961,62961,12,5,3,3,0,7,0,0,0,0,0,0,0
ZCTA5 62962,62962,0,0,0,0,0,0,0,0,0,0,0,0,0
ZCTA5 62963,62963,234,25,4,0,0,80,0,0,0,129,33,15,17
ZCTA5 62964,62964,384,37,6,6,0,188,15,0,7,159,46,17,48
ZCTA5 62965,62965,29,3,0,0,0,20,17,15,0,6,6,6,0
ZCTA5 62966,62966,"6,042","1,894",364,251,11,"1,934",197,102,0,"2,214",716,277,180
ZCTA5 62967,62967,103,18,8,0,5,85,16,1,0,0,0,0,0
ZCTA5 62969,62969,125,21,0,0,0,74,10,0,0,30,11,11,19
ZCTA5 62970,62970,180,26,7,3,0,108,16,8,0,46,16,10,3
ZCTA5 62972,62972,390,160,24,4,0,221,4,0,0,9,4,0,0
ZCTA5 62974,62974,594,311,36,25,0,229,24,17,8,54,6,0,0
ZCTA5 62975,62975,95,15,0,0,0,58,0,0,0,22,0,0,8
ZCTA5 62976,62976,173,22,13,13,0,83,11,0,0,68,2,0,0
ZCTA5 62977,62977,236,63,7,3,0,144,26,13,0,29,16,2,7
ZCTA5 62979,62979,441,140,8,5,0,235,17,5,0,66,12,2,13
ZCTA5 62982,62982,360,91,4,0,0,172,25,25,13,97,7,3,7
ZCTA5 62983,62983,728,163,54,0,4,351,22,4,0,214,30,11,99
ZCTA5 62984,62984,668,182,12,4,0,289,36,20,0,197,27,3,62
ZCTA5 62985,62985,293,156,43,3,0,114,27,1,0,23,0,0,18
ZCTA5 62987,62987,589,204,46,15,6,319,37,31,12,66,16,2,1
ZCTA5 62988,62988,484,146,40,27,0,268,16,3,0,70,11,11,14
ZCTA5 62990,62990,330,112,23,5,3,191,24,0,0,27,6,6,14
ZCTA5 62992,62992,292,107,0,0,0,128,19,19,4,57,0,0,24
ZCTA5 62994,62994,294,102,3,0,0,157,5,2,4,35,11,11,2
ZCTA5 62995,62995,"1,553",540,87,12,5,568,49,30,3,445,202,152,65
ZCTA5 62996,62996,137,33,10,0,0,69,0,0,0,35,0,0,26
ZCTA5 62997,62997,218,92,3,0,0,77,3,2,0,49,24,14,10
ZCTA5 62998,62998,103,22,0,0,0,76,0,0,0,5,0,0,0
ZCTA5 62999,62999,631,157,43,22,0,281,22,10,0,193,60,23,65
ZCTA5 63673,63673,864,328,33,19,0,375,66,28,0,161,50,3,5
